id,Floor,Location,CiscoExt,Updateby,ComputerName,SerialNumber,PCModel,CPU,RAM,IPAddress,MACAddress,WindowsEdition,DisplayVersion,OSVersion,CitrixName,CitrixVersion,RecordedDateTime
1,6,NOC,TEST,BHEN,LTOP1787,5CG7415L2R,HP EliteBook 840 G4,Intel(R) Core(TM) i7-7600U CPU @ 2.80GHz,16 GB,10.16.67.27,48BA.4EF5.84FA,Microsoft Windows 10 Pro,22H2,10.0.19045,Citrix N/A,Citrix N/A,2024-03-09 07:57:07
2,NOC,P-453,12345,BHEN,T-MOB1001426,3XH14N3,OptiPlex 3090,Intel(R) Core(TM) i5-10500T CPU @ 2.30GHz,8 GB,10.16.83.118,A4BB.6D97.6F5A,Microsoft Windows 10 Enterprise,22H2,10.0.19045,Citrix Workspace 2311,23.11.1.140,2024-03-09 08:19:03
3,6,TEST2,NONE,BHEN,T-MOB1001426,3XH14N3,OptiPlex 3090,Intel(R) Core(TM) i5-10500T CPU @ 2.30GHz,8 GB,10.16.83.118,A4BB.6D97.6F5A,Microsoft Windows 10 Enterprise,22H2,10.0.19045,Citrix Workspace 2311,23.11.1.140,2024-03-09 08:22:06
4,P2,N/A,N/A,BHEN,T-MOB1001076,8CC0250FDM,HP EliteDesk 800 G5 Desktop Mini,Intel(R) Core(TM) i5-9600 CPU @ 3.10GHz,16 GB,10.16.83.96,BCE9.2F84.AE96,Microsoft Windows 10 Enterprise,22H2,10.0.19045,Citrix Workspace 2303,23.3.0.55,2024-03-09 11:15:55
5,P2,N/A,N/A,COCO,T-MOB1001017,8CC0250FFQ,HP EliteDesk 800 G5 Desktop Mini,Intel(R) Core(TM) i5-9600 CPU @ 3.10GHz,16 GB,10.16.83.97,BCE9.2F84.AE29,Microsoft Windows 10 Enterprise,22H2,10.0.19045,Citrix Workspace 2303,23.3.0.55,2024-03-09 12:08:09
6,P2,N/A,N/A,COCO,T-MOB1001093,8CC0250F95,HP EliteDesk 800 G5 Desktop Mini,Intel(R) Core(TM) i5-9600 CPU @ 3.10GHz,16 GB,10.16.81.183,BCE9.2F84.AD42,Microsoft Windows 10 Enterprise,22H2,10.0.19045,Citrix Workspace 2303,23.3.0.55,2024-03-09 12:13:02
7,P2,N/A,N/A,BHEN,T-MOB1001110,8CC0250FFK,HP EliteDesk 800 G5 Desktop Mini,Intel(R) Core(TM) i5-9600 CPU @ 3.10GHz,16 GB,10.16.83.98,BCE9.2F84.AE23,Microsoft Windows 10 Enterprise,22H2,10.0.19045,Citrix Workspace 2303,23.3.0.55,2024-03-09 12:16:49
8,P2,N/A,N/A,407006,T-MOB1001133,8CC9220JGL,HP EliteDesk 800 G4 DM 65W,Intel(R) Core(TM) i5-8600 CPU @ 3.10GHz,8 GB,10.16.83.99,80E8.2C11.A5C5,Microsoft Windows 10 Enterprise,22H2,10.0.19045,Citrix Workspace 2303,23.3.0.55,2024-03-09 12:24:14
9,P2,N/A,N/A,COCO,T-MOB1000506,1S4JMJ3,OptiPlex 3080,Intel(R) Core(TM) i5-10500T CPU @ 2.30GHz,16 GB,10.16.81.187,C025.A591.47B5,Microsoft Windows 10 Enterprise,22H2,10.0.19045,Citrix Workspace 2303,23.3.0.55,2024-03-09 12:30:25
10,P2,N/A,N/A,COCO,T-MOB1001066,8CC1112GNG,HP EliteDesk 800 G6 Desktop Mini PC,Intel(R) Core(TM) i5-10600 CPU @ 3.30GHz,16 GB,10.16.81.188,6C02.E09B.52CB,Microsoft Windows 10 Enterprise,22H2,10.0.19045,Citrix Workspace 2303,23.3.0.55,2024-03-09 12:40:18
11,P2,N/A,N/A,COCO,T-MOB1001131,8CC1112GR5,HP EliteDesk 800 G6 Desktop Mini PC,Intel(R) Core(TM) i5-10600 CPU @ 3.30GHz,16 GB,10.16.83.103,6C02.E09B.45F7,Microsoft Windows 10 Enterprise,22H2,10.0.19045,Citrix Workspace 2311,23.11.1.140,2024-03-09 12:43:23
12,P2,N/A,N/A,407006,T-MOB1000244X,415JMJ3,OptiPlex 3080,Intel(R) Core(TM) i5-10500T CPU @ 2.30GHz,16 GB,10.16.83.101,C025.A591.46EC,Microsoft Windows 10 Enterprise,22H2,10.0.19045,Citrix Workspace 2303,23.3.0.55,2024-03-09 12:44:09
13,P2,N/A,N/A,407006,T-MOB1001017,8CC0250FJ2,HP EliteDesk 800 G5 Desktop Mini,Intel(R) Core(TM) i5-9600 CPU @ 3.10GHz,16 GB,10.16.81.194,BCE9.2F85.D5D4,Microsoft Windows 10 Enterprise,22H2,10.0.19045,Citrix Workspace 2303,23.3.0.55,2024-03-09 12:47:16
14,P2,N/A,N/A,407006,T-MOB1000375,FF4JMJ3,OptiPlex 3080,Intel(R) Core(TM) i5-10500T CPU @ 2.30GHz,16 GB,10.16.81.198,C025.A58A.6774,Microsoft Windows 10 Enterprise,21H1,10.0.19043,Citrix Workspace 2302,23.2.0.38,2024-03-09 15:16:05
15,P2,5A,N/A,HARRY,T-MOB1000965,6CR4160WL5,HP EliteDesk 800 G1 SFF,Intel(R) Core(TM) i3-4130 CPU @ 3.40GHz,4 GB,10.16.82.166,A0D3.C117.A22A,Microsoft Windows 10 Enterprise,22H2,10.0.19045,Citrix Workspace 2309,23.9.1.104,2024-03-10 07:13:46
16,P2,28B,XXXXX,407006,T-MOB1000066,SGH452S75H,HP EliteDesk 800 G1 SFF,Intel(R) Core(TM) i3-4130 CPU @ 3.40GHz,4 GB,10.16.83.33,6451.065A.A535,Microsoft Windows 10 Enterprise,22H2,10.0.19045,Citrix Workspace 2311,23.11.1.140,2024-03-10 07:59:19
17,P2,28B,TEST,BHEN,T-MOB1000066,SGH452S75H,HP EliteDesk 800 G1 SFF,Intel(R) Core(TM) i3-4130 CPU @ 3.40GHz,4 GB,10.16.83.33,6451.065A.A535,Microsoft Windows 10 Enterprise,22H2,10.0.19045,Citrix Workspace 2311,23.11.1.140,2024-03-10 08:04:13
18,11,57C,11111,407006,T-MOB100083X,4CE1290XR4,HP EliteDesk 800 G6 Small Form Factor PC,Intel(R) Core(TM) i5-10500 CPU @ 3.10GHz,16 GB,10.16.109.182,0068.EBCC.ADEC,Microsoft Windows 10 Enterprise,22H2,10.0.19045,Citrix Workspace 2309,23.9.1.104,2024-03-10 08:40:27
19,11,57E,10263,407006,T-MOB1000241,2H4JMJ3,OptiPlex 3080,Intel(R) Core(TM) i5-10500T CPU @ 2.30GHz,16 GB,10.16.109.187,C025.A58A.6832,Microsoft Windows 10 Enterprise,22H2,10.0.19045,Citrix Workspace 2311,23.11.1.140,2024-03-10 08:56:04
20,11,57C,11111,407006,T-MOB100083X,4CE1290XR4,HP EliteDesk 800 G6 Small Form Factor PC,Intel(R) Core(TM) i5-10500 CPU @ 3.10GHz,16 GB,10.16.109.182,0068.EBCC.ADEC,Microsoft Windows 10 Enterprise,22H2,10.0.19045,Citrix Workspace 2311,23.11.1.140,2024-03-10 09:13:33
21,11,57F,10893,407006,T-MOB1000400,BC4JMJ3,OptiPlex 3080,Intel(R) Core(TM) i5-10500T CPU @ 2.30GHz,16 GB,10.16.108.247,C025.A591.43AB,Microsoft Windows 10 Enterprise,22H2,10.0.19045,Citrix Workspace 2311,23.11.1.140,2024-03-10 12:20:03
22,11,57G,11095,407006,T-MOB100148XX,4CE1290Y0X,HP EliteDesk 800 G6 Small Form Factor PC,Intel(R) Core(TM) i5-10500 CPU @ 3.10GHz,16 GB,10.16.81.126,0068.EBCC.AFEB,Microsoft Windows 10 Enterprise,22H2,10.0.19045,Citrix Workspace 2311,23.11.1.140,2024-03-10 12:21:04
23,11,57D,10903,407006,T-MOB1001330X,8CC1112GMD,HP EliteDesk 800 G6 Desktop Mini PC,Intel(R) Core(TM) i5-10600 CPU @ 3.30GHz,16 GB,10.16.109.184,6C02.E09B.51F3,Microsoft Windows 10 Enterprise,22H2,10.0.19045,Citrix Workspace 2311,23.11.1.140,2024-03-10 12:23:25
24,11,57A,10919,407006,T-MOB1001329,8CC1112GSR,HP EliteDesk 800 G6 Desktop Mini PC,Intel(R) Core(TM) i5-10600 CPU @ 3.30GHz,16 GB,10.16.110.56,6C02.E09B.449B,Microsoft Windows 10 Enterprise,22H2,10.0.19045,Citrix Workspace 2311,23.11.1.140,2024-03-10 12:25:40
25,11,57B,11088,407006,T-MOB100149,4CE1290XSX,HP EliteDesk 800 G6 Small Form Factor PC,Intel(R) Core(TM) i5-10500 CPU @ 3.10GHz,16 GB,10.16.109.181,0068.EBCC.A9FD,Microsoft Windows 10 Enterprise,22H2,10.0.19045,Citrix Workspace 2309,23.9.1.104,2024-03-10 12:29:01
26,11,01B,10359,407006,T-MOB1000213,6H4JMJ3,OptiPlex 3080,Intel(R) Core(TM) i5-10500T CPU @ 2.30GHz,16 GB,10.16.82.92,C025.A58A.678E,Microsoft Windows 10 Enterprise,22H2,10.0.19045,Citrix Workspace 2311,23.11.1.140,2024-03-10 12:32:26
27,11,01A,11434,407006,T-MOB1000011,4CE1290XP2,HP EliteDesk 800 G6 Small Form Factor PC,Intel(R) Core(TM) i5-10500 CPU @ 3.10GHz,16 GB,10.16.80.72,0068.EBCC.A9C9,Microsoft Windows 10 Enterprise,22H2,10.0.19045,Citrix Workspace 2311,23.11.1.140,2024-03-10 12:33:54
28,11,01C,11463,407006,T-MOB1000028,4CE1290XY7,HP EliteDesk 800 G6 Small Form Factor PC,Intel(R) Core(TM) i5-10500 CPU @ 3.10GHz,16 GB,10.16.82.95,0068.EBCC.AB78,Microsoft Windows 10 Enterprise,22H2,10.0.19045,Citrix Workspace 2311,23.11.1.140,2024-03-10 12:37:10
29,11,01D,10221,407006,T-MOB1001044,8CC0250FB8,HP EliteDesk 800 G5 Desktop Mini,Intel(R) Core(TM) i5-9600 CPU @ 3.10GHz,16 GB,10.16.83.90,BCE9.2F84.ADFA,Microsoft Windows 10 Enterprise,22H2,10.0.19045,Citrix Workspace 2311,23.11.1.140,2024-03-10 12:38:31
30,11,01E,11430,407006,T-MOB1000029,4CE1290XPV,HP EliteDesk 800 G6 Small Form Factor PC,Intel(R) Core(TM) i5-10500 CPU @ 3.10GHz,16 GB,10.16.82.100,0068.EBCC.B109,Microsoft Windows 10 Enterprise,22H2,10.0.19045,Citrix Workspace 2311,23.11.1.140,2024-03-10 12:40:09
31,11,01F,11039,407006,T-MOB100133,4CE1290XX0,HP EliteDesk 800 G6 Small Form Factor PC,Intel(R) Core(TM) i5-10500 CPU @ 3.10GHz,16 GB,10.16.82.101,0068.EBCC.9DDA,Microsoft Windows 10 Enterprise,22H2,10.0.19045,Citrix Workspace 2311,23.11.1.140,2024-03-10 12:41:53
32,11,01G,11433,407006,T-MOB1000025,4CE1290XQD,HP EliteDesk 800 G6 Small Form Factor PC,Intel(R) Core(TM) i5-10500 CPU @ 3.10GHz,16 GB,10.16.82.104,0068.EBCC.ACDE,Microsoft Windows 10 Enterprise,22H2,10.0.19045,Citrix Workspace 2311,23.11.1.140,2024-03-10 12:42:53
33,11,30F,XXXX,407006,T-MOB1001208,8CC1112GM1,HP EliteDesk 800 G6 Desktop Mini PC,Intel(R) Core(TM) i5-10600 CPU @ 3.30GHz,16 GB,10.16.83.91,6C02.E09B.508B,Microsoft Windows 10 Enterprise,22H2,10.0.19045,Citrix Workspace 2309,23.9.1.104,2024-03-10 12:49:16
34,11,57E,10263,407006,T-MOB1000241,2H4JMJ3,OptiPlex 3080,Intel(R) Core(TM) i5-10500T CPU @ 2.30GHz,16 GB,10.16.83.108,C025.A58A.6832,Microsoft Windows 10 Enterprise,22H2,10.0.19045,Citrix Workspace 2309,23.9.1.104,2024-03-10 12:51:17
35,11,57E,10263,407006,T-MOB1000241,2H4JMJ3,OptiPlex 3080,Intel(R) Core(TM) i5-10500T CPU @ 2.30GHz,16 GB,10.16.83.108,C025.A58A.6832,Microsoft Windows 10 Enterprise,22H2,10.0.19045,Citrix Workspace 2311,23.11.1.140,2024-03-10 13:09:47
36,FloorTest,TEST,TEST,TEST,T-MOB1000066,SGH452S75H,HP EliteDesk 800 G1 SFF,Intel(R) Core(TM) i3-4130 CPU @ 3.40GHz,4 GB,10.16.83.33,6451.065A.A535,Microsoft Windows 10 Enterprise,22H2,10.0.19045,Citrix Workspace 2311,23.11.1.140,2024-03-11 08:39:54
37,NOC,TEST,TESTING,TEST,T-MOB1000066,SGH452S75H,HP EliteDesk 800 G1 SFF,Intel(R) Core(TM) i3-4130 CPU @ 3.40GHz,4 GB,10.16.83.33,6451.065A.A535,Microsoft Windows 10 Enterprise,22H2,10.0.19045,Citrix Workspace 2311,23.11.1.140,2024-03-11 11:48:00
38,NOC,NOC,TEST,TEST,T-MOB1000066,SGH452S75H,HP EliteDesk 800 G1 SFF,Intel(R) Core(TM) i3-4130 CPU @ 3.40GHz,4 GB,10.16.83.33,6451.065A.A535,Microsoft Windows 10 Enterprise,22H2,10.0.19045,Citrix Workspace 2311,23.11.1.140,2024-03-11 12:13:29
39,11,30A,10873,407006,T-MOB1000208,955JMJ3,OptiPlex 3080,Intel(R) Core(TM) i5-10500T CPU @ 2.30GHz,16 GB,10.16.80.141,C025.A58A.6407,Microsoft Windows 10 Enterprise,22H2,10.0.19045,Citrix Workspace 2311,23.11.1.140,2024-03-11 13:40:18
40,11,30B,11153,407006,T-MOB1000020,4CE1290XY9,HP EliteDesk 800 G6 Small Form Factor PC,Intel(R) Core(TM) i5-10500 CPU @ 3.10GHz,16 GB,10.16.80.142,0068.EBCC.A40F,Microsoft Windows 10 Enterprise,22H2,10.0.19045,Citrix Workspace 2311,23.11.1.140,2024-03-11 13:41:46
41,11,30C,11049,407006,T-MOB100134,4CE1290XPF,HP EliteDesk 800 G6 Small Form Factor PC,Intel(R) Core(TM) i5-10500 CPU @ 3.10GHz,16 GB,10.16.80.143,0068.EBCC.AD7B,Microsoft Windows 10 Enterprise,22H2,10.0.19045,Citrix Workspace 2311,23.11.1.140,2024-03-11 13:42:41
42,11,30D,30100,407006,T-MOB1000057,4CE1290XY4,HP EliteDesk 800 G6 Small Form Factor PC,Intel(R) Core(TM) i5-10500 CPU @ 3.10GHz,16 GB,10.16.82.128,0068.EBCC.AE5C,Microsoft Windows 10 Enterprise,22H2,10.0.19045,Citrix Workspace 2311,23.11.1.140,2024-03-11 13:43:33
43,11,30E,22042,407006,T-MOB1000030,4CE1290XXF,HP EliteDesk 800 G6 Small Form Factor PC,Intel(R) Core(TM) i5-10500 CPU @ 3.10GHz,16 GB,10.16.82.129,0068.EBCC.9C51,Microsoft Windows 10 Enterprise,22H2,10.0.19045,Citrix Workspace 2311,23.11.1.140,2024-03-11 13:44:45
44,11,30G,20785,407006,T-MOB1000021,4CE1290XZF,HP EliteDesk 800 G6 Small Form Factor PC,Intel(R) Core(TM) i5-10500 CPU @ 3.10GHz,16 GB,10.16.80.144,0068.EBCC.AE86,Microsoft Windows 10 Enterprise,22H2,10.0.19045,Citrix Workspace 2311,23.11.1.140,2024-03-11 13:50:02
45,11,55A,11054,407006,T-MOB100124,4CE1290XNQ,HP EliteDesk 800 G6 Small Form Factor PC,Intel(R) Core(TM) i5-10500 CPU @ 3.10GHz,16 GB,10.16.108.101,0068.EBCC.B0C8,Microsoft Windows 10 Enterprise,22H2,10.0.19045,Citrix Workspace 2311,23.11.1.140,2024-03-11 13:50:51
46,11,55C,10208,407006,T-MOB1000212,3L4JMJ3,OptiPlex 3080,Intel(R) Core(TM) i5-10500T CPU @ 2.30GHz,16 GB,10.16.111.201,C025.A591.4878,Microsoft Windows 10 Enterprise,22H2,10.0.19045,Citrix Workspace 2311,23.11.1.140,2024-03-11 13:52:09
47,11,55D,11464,407006,T-MOB1000014,4CE1290XNS,HP EliteDesk 800 G6 Small Form Factor PC,Intel(R) Core(TM) i5-10500 CPU @ 3.10GHz,16 GB,10.16.83.93,0068.EBCC.B0F5,Microsoft Windows 10 Enterprise,22H2,10.0.19045,Citrix Workspace 2309,23.9.1.104,2024-03-11 13:52:59
48,11,55G,11464,407006,T-MOB1000013,4CE1290Y13,HP EliteDesk 800 G6 Small Form Factor PC,Intel(R) Core(TM) i5-10500 CPU @ 3.10GHz,16 GB,10.16.110.100,0068.EBCC.AA27,Microsoft Windows 10 Enterprise,22H2,10.0.19045,Citrix Workspace 2311,23.11.1.140,2024-03-11 13:54:08
49,11,55B,11465,407006,T-MOB1000017,4CE1290Y1X,HP EliteDesk 800 G6 Small Form Factor PC,Intel(R) Core(TM) i5-10500 CPU @ 3.10GHz,16 GB,10.16.110.94,0068.EBCC.AE74,Microsoft Windows 10 Enterprise,22H2,10.0.19045,Citrix Workspace 2311,23.11.1.140,2024-03-11 13:55:33
50,11,55F,11438,407006,T-MOB1000018,4CE1290XVB,HP EliteDesk 800 G6 Small Form Factor PC,Intel(R) Core(TM) i5-10500 CPU @ 3.10GHz,16 GB,10.16.108.108,0068.EBCC.9A6B,Microsoft Windows 10 Enterprise,22H2,10.0.19045,Citrix Workspace 2311,23.11.1.140,2024-03-11 13:57:05
51,FloorTest,55C,XXXXX,CJ,T-MOB1000066,SGH452S75H,HP EliteDesk 800 G1 SFF,Intel(R) Core(TM) i3-4130 CPU @ 3.40GHz,4 GB,10.16.83.33,6451.065A.A535,Microsoft Windows 10 Enterprise,22H2,10.0.19045,Citrix Workspace 2311,23.11.1.140,2024-03-11 15:50:43
52,11,26G,11029,405128,T-MOB1000568,9Z4JMJ3,OptiPlex 3080,Intel(R) Core(TM) i5-10500T CPU @ 2.30GHz,16 GB,10.16.111.11,C025.A58A.5DF9,Microsoft Windows 10 Enterprise,22H2,10.0.19045,Citrix Workspace 2311,23.11.1.140,2024-03-11 16:19:18
53,11,29 A,11945,JVERANA,T-MOB1001231,8CC0250FDV,HP EliteDesk 800 G5 Desktop Mini,Intel(R) Core(TM) i5-9600 CPU @ 3.10GHz,16 GB,10.16.80.102,BCE9.2F86.716E,Microsoft Windows 10 Enterprise,22H2,10.0.19045,Citrix Workspace 2311,23.11.1.140,2024-03-11 16:20:10
54,11,26E,10304,405128,T-MOB1001260,244JMJ3,OptiPlex 3080,Intel(R) Core(TM) i5-10500T CPU @ 2.30GHz,16 GB,10.16.110.6,C025.A591.49BB,Microsoft Windows 10 Enterprise,22H2,10.0.19045,Citrix Workspace 2311,23.11.1.140,2024-03-11 16:21:29
55,11,26D,10383,405128,T-MOB1001173,8CC91752GW,HP EliteDesk 800 G4 DM 65W,Intel(R) Core(TM) i5-8600 CPU @ 3.10GHz,8 GB,10.16.111.186,C465.16B1.4A96,Microsoft Windows 10 Enterprise,22H2,10.0.19045,Citrix Workspace 2311,23.11.1.140,2024-03-11 16:21:59
56,11,26C,10742,405128,T-MOB1000393,DN4JMJ3,OptiPlex 3080,Intel(R) Core(TM) i5-10500T CPU @ 2.30GHz,16 GB,10.16.109.21,C025.A591.4850,Microsoft Windows 10 Enterprise,22H2,10.0.19045,Citrix Workspace 2311,23.11.1.140,2024-03-11 16:23:04
57,11,29 B,10346,JVERANA,T-MOB1001233,4CE1290XZX,HP EliteDesk 800 G6 Small Form Factor PC,Intel(R) Core(TM) i5-10500 CPU @ 3.10GHz,16 GB,10.16.108.109,0068.EBCC.AB86,Microsoft Windows 10 Enterprise,22H2,10.0.19045,Citrix Workspace 2311,23.11.1.140,2024-03-11 16:23:47
58,11,26A,11059,405128,T-MOB1000076,4M4JMJ3,OptiPlex 3080,Intel(R) Core(TM) i5-10500T CPU @ 2.30GHz,16 GB,10.16.111.7,C025.A58A.683B,Microsoft Windows 10 Enterprise,22H2,10.0.19045,Citrix Workspace 2311,23.11.1.140,2024-03-11 16:24:20
59,11,11F,10330,405128,T-MOB1000538,4R4JMJ3,OptiPlex 3080,Intel(R) Core(TM) i5-10500T CPU @ 2.30GHz,16 GB,10.16.109.28,C025.A591.46AE,Microsoft Windows 10 Enterprise,22H2,10.0.19045,Citrix Workspace 2311,23.11.1.140,2024-03-11 17:40:24
60,11,29C,10298,JVERANA,T-MOB1001232,8CC91752F8,HP EliteDesk 800 G4 DM 65W,Intel(R) Core(TM) i5-8600 CPU @ 3.10GHz,8 GB,10.16.82.107,C465.16B1.4A99,Microsoft Windows 10 Enterprise,22H2,10.0.19045,Citrix Workspace 2311,23.11.1.140,2024-03-11 17:40:50
61,11,26B,10126,405128,T-MOB1001259,8CC9220JHD,HP EliteDesk 800 G4 DM 65W,Intel(R) Core(TM) i5-8600 CPU @ 3.10GHz,8 GB,10.16.110.23,80E8.2C11.A38B,Microsoft Windows 10 Enterprise,22H2,10.0.19045,Citrix Workspace 2311,23.11.1.140,2024-03-11 17:41:12
62,11,27D,10756,405128,T-MOB1001172,8CC0250FHX,HP EliteDesk 800 G5 Desktop Mini,Intel(R) Core(TM) i5-9600 CPU @ 3.10GHz,16 GB,10.16.80.54,BCE9.2F85.D55D,Microsoft Windows 10 Enterprise,22H2,10.0.19045,Citrix Workspace 2311,23.11.1.140,2024-03-11 17:42:21
63,11,27E,10251,405128,T-MOB1000457,HC4JMJ3,OptiPlex 3080,Intel(R) Core(TM) i5-10500T CPU @ 2.30GHz,16 GB,10.16.80.107,C025.A591.46DA,Microsoft Windows 10 Enterprise,22H2,10.0.19045,Citrix Workspace 2311,23.11.1.140,2024-03-11 17:43:11
64,11,29D,11943,JVERANA,T-MOB1000490,B54JMJ3,OptiPlex 3080,Intel(R) Core(TM) i5-10500T CPU @ 2.30GHz,16 GB,10.16.80.39,C025.A591.4787,Microsoft Windows 10 Enterprise,22H2,10.0.19045,Citrix Workspace 2311,23.11.1.140,2024-03-11 17:43:16
65,11,27F,11890,405128,T-MOB1000556,H85JMJ3,OptiPlex 3080,Intel(R) Core(TM) i5-10500T CPU @ 2.30GHz,16 GB,10.16.80.112,C025.A588.FA73,Microsoft Windows 10 Enterprise,22H2,10.0.19045,Citrix Workspace 2311,23.11.1.140,2024-03-11 17:44:18
66,11,27G,10160,405128,T-MOB1000034,4CE1290Y1R,HP EliteDesk 800 G6 Small Form Factor PC,Intel(R) Core(TM) i5-10500 CPU @ 3.10GHz,16 GB,10.16.108.24,0068.EBCC.A96B,Microsoft Windows 10 Enterprise,22H2,10.0.19045,Citrix Workspace 2311,23.11.1.140,2024-03-11 17:45:36
67,11,27B,11454,405128,T-MOB1000425,394JMJ3,OptiPlex 3080,Intel(R) Core(TM) i5-10500T CPU @ 2.30GHz,16 GB,10.16.82.110,C025.A591.41C4,Microsoft Windows 10 Enterprise,22H2,10.0.19045,Citrix Workspace 2311,23.11.1.140,2024-03-11 17:46:11
68,11,27C,11101,405128,T-MOB1000433,CK4JMJ3,OptiPlex 3080,Intel(R) Core(TM) i5-10500T CPU @ 2.30GHz,16 GB,10.16.80.109,C025.A591.4D0F,Microsoft Windows 10 Enterprise,22H2,10.0.19045,Citrix Workspace 2311,23.11.1.140,2024-03-11 17:47:12
69,11,29E,10189,JVERANA,T-MOB1000533,245JMJ3,OptiPlex 3080,Intel(R) Core(TM) i5-10500T CPU @ 2.30GHz,16 GB,10.16.80.43,C025.A591.46A6,Microsoft Windows 10 Enterprise,22H2,10.0.19045,Citrix Workspace 2311,23.11.1.140,2024-03-11 17:47:40
70,11,27A,11092,405128,T-MOB1000045,4CE1290Y02,HP EliteDesk 800 G6 Small Form Factor PC,Intel(R) Core(TM) i5-10500 CPU @ 3.10GHz,16 GB,10.16.80.105,0068.EBCC.ADC9,Microsoft Windows 10 Enterprise,22H2,10.0.19045,Citrix Workspace 2311,23.11.1.140,2024-03-11 17:47:47
71,11,29F,10839,JVERANA,T-MOB1000529,5R4JMJ3,OptiPlex 3080,Intel(R) Core(TM) i5-10500T CPU @ 2.30GHz,16 GB,10.16.81.83,C025.A591.42FF,Microsoft Windows 10 Enterprise,22H2,10.0.19045,Citrix Workspace 2311,23.11.1.140,2024-03-11 17:49:38
72,11,29G,10259,JVERANA,T-MOB1000365,8X4JMJ3,OptiPlex 3080,Intel(R) Core(TM) i5-10500T CPU @ 2.30GHz,16 GB,10.16.83.37,C025.A58A.6D67,Microsoft Windows 10 Enterprise,22H2,10.0.19045,Citrix Workspace 2311,23.11.1.140,2024-03-11 17:53:45
73,11,30E,11462,405128,T-MOB1000030,4CE1290XXF,HP EliteDesk 800 G6 Small Form Factor PC,Intel(R) Core(TM) i5-10500 CPU @ 3.10GHz,16 GB,10.16.82.129,0068.EBCC.9C51,Microsoft Windows 10 Enterprise,22H2,10.0.19045,Citrix Workspace 2311,23.11.1.140,2024-03-11 17:54:18
74,11,30D,11460,405128,T-MOB1000057,4CE1290XY4,HP EliteDesk 800 G6 Small Form Factor PC,Intel(R) Core(TM) i5-10500 CPU @ 3.10GHz,16 GB,10.16.82.128,0068.EBCC.AE5C,Microsoft Windows 10 Enterprise,22H2,10.0.19045,Citrix Workspace 2311,23.11.1.140,2024-03-11 17:54:27
75,11,30B,11153,405128,T-MOB1000020,4CE1290XY9,HP EliteDesk 800 G6 Small Form Factor PC,Intel(R) Core(TM) i5-10500 CPU @ 3.10GHz,16 GB,10.16.80.142,0068.EBCC.A40F,Microsoft Windows 10 Enterprise,22H2,10.0.19045,Citrix Workspace 2311,23.11.1.140,2024-03-11 17:55:32
76,11,30C,11049,405128,T-MOB100134,4CE1290XPF,HP EliteDesk 800 G6 Small Form Factor PC,Intel(R) Core(TM) i5-10500 CPU @ 3.10GHz,16 GB,10.16.80.143,0068.EBCC.AD7B,Microsoft Windows 10 Enterprise,22H2,10.0.19045,Citrix Workspace 2311,23.11.1.140,2024-03-11 17:56:06
77,11,30A,10873,405128,T-MOB1000208,955JMJ3,OptiPlex 3080,Intel(R) Core(TM) i5-10500T CPU @ 2.30GHz,16 GB,10.16.80.141,C025.A58A.6407,Microsoft Windows 10 Enterprise,22H2,10.0.19045,Citrix Workspace 2311,23.11.1.140,2024-03-11 17:57:06
78,11,28A,10080,JVERANA,T-MOB1000373,DL4JMJ3,OptiPlex 3080,Intel(R) Core(TM) i5-10500T CPU @ 2.30GHz,16 GB,10.16.80.47,C025.A58A.66D2,Microsoft Windows 10 Enterprise,22H2,10.0.19045,Citrix Workspace 2311,23.11.1.140,2024-03-11 17:58:02
79,11,30G,11067,405128,T-MOB1000021,4CE1290XZF,HP EliteDesk 800 G6 Small Form Factor PC,Intel(R) Core(TM) i5-10500 CPU @ 3.10GHz,16 GB,10.16.80.144,0068.EBCC.AE86,Microsoft Windows 10 Enterprise,22H2,10.0.19045,Citrix Workspace 2311,23.11.1.140,2024-03-11 17:59:00
80,11,28B,11869,JVERANA,T-MOB1001299,8CC046064R,HP EliteDesk 800 G5 Desktop Mini,Intel(R) Core(TM) i5-9600 CPU @ 3.10GHz,16 GB,10.16.80.95,F80D.AC2B.48EC,Microsoft Windows 10 Enterprise,22H2,10.0.19045,Citrix Workspace 2311,23.11.1.140,2024-03-11 18:00:07
81,11,28C,11443,JVERANA,T-MOB1000046,4CE1290XRM,HP EliteDesk 800 G6 Small Form Factor PC,Intel(R) Core(TM) i5-10500 CPU @ 3.10GHz,16 GB,10.16.80.101,0068.EBCC.A9A7,Microsoft Windows 10 Enterprise,22H2,10.0.19045,Citrix Workspace 2311,23.11.1.140,2024-03-11 18:02:30
82,11,28D,11759,JVERANA,T-MOB1000132,345JMJ3,OptiPlex 3080,Intel(R) Core(TM) i5-10500T CPU @ 2.30GHz,16 GB,10.16.83.6,C025.A591.472B,Microsoft Windows 10 Enterprise,22H2,10.0.19045,Citrix Workspace 2311,23.11.1.140,2024-03-11 18:05:33
83,11,28E,11985,JVERANA,T-MOB1000496,7N4JMJ3,OptiPlex 3080,Intel(R) Core(TM) i5-10500T CPU @ 2.30GHz,16 GB,10.16.80.78,C025.A591.47A5,Microsoft Windows 10 Enterprise,22H2,10.0.19045,Citrix Workspace 2311,23.11.1.140,2024-03-11 18:06:49
84,11,28F,11062,JVERANA,T-MOB1000450,5H4JMJ3,OptiPlex 3080,Intel(R) Core(TM) i5-10500T CPU @ 2.30GHz,16 GB,10.16.80.85,C025.A58A.6562,Microsoft Windows 10 Enterprise,22H2,10.0.19045,Citrix Workspace 2311,23.11.1.140,2024-03-11 18:11:17
85,11,28G,10113,JVERANA,T-MOB1000566,FT3JMJ3,OptiPlex 3080,Intel(R) Core(TM) i5-10500T CPU @ 2.30GHz,16 GB,10.16.80.75,C025.A591.4881,Microsoft Windows 10 Enterprise,22H2,10.0.19045,Citrix Workspace 2311,23.11.1.140,2024-03-11 18:16:37
86,11,30F,10112,JVERANA,T-MOB1001208,8CC1112GM1,HP EliteDesk 800 G6 Desktop Mini PC,Intel(R) Core(TM) i5-10600 CPU @ 3.30GHz,16 GB,10.16.81.169,6C02.E09B.508B,Microsoft Windows 10 Enterprise,22H2,10.0.19045,Citrix Workspace 2309,23.9.1.104,2024-03-11 18:36:26
87,11,30F,10112,JVERANA,T-MOB1001208,8CC1112GM1,HP EliteDesk 800 G6 Desktop Mini PC,Intel(R) Core(TM) i5-10600 CPU @ 3.30GHz,16 GB,10.16.81.169,6C02.E09B.508B,Microsoft Windows 10 Enterprise,22H2,10.0.19045,Citrix Workspace 2311,23.11.1.140,2024-03-11 18:44:20
88,11,74B,10891,BHEN,T-MOB1001335,8CC1112GNQ,HP EliteDesk 800 G6 Desktop Mini PC,Intel(R) Core(TM) i5-10600 CPU @ 3.30GHz,16 GB,10.16.109.211,6C02.E09B.5178,Microsoft Windows 10 Enterprise,22H2,10.0.19045,Citrix Workspace 2311,23.11.1.140,2024-03-12 13:31:53
89,11,74C,11050,BHEN,T-MOB100117,4CE1290XPS,HP EliteDesk 800 G6 Small Form Factor PC,Intel(R) Core(TM) i5-10500 CPU @ 3.10GHz,16 GB,10.16.109.47,0068.EBCC.A9BB,Microsoft Windows 10 Enterprise,22H2,10.0.19045,Citrix Workspace 2311,23.11.1.140,2024-03-12 13:32:59
90,11,74D,10848,BHEN,T-MOB1001334,8CC1112GNZ,HP EliteDesk 800 G6 Desktop Mini PC,Intel(R) Core(TM) i5-10600 CPU @ 3.30GHz,16 GB,10.16.109.207,6C02.E09B.53ED,Microsoft Windows 10 Enterprise,22H2,10.0.19045,Citrix Workspace 2311,23.11.1.140,2024-03-12 13:33:51
91,11,74F,10837,BHEN,T-MOB1000912,8CC9220JH5,HP EliteDesk 800 G4 DM 65W,Intel(R) Core(TM) i5-8600 CPU @ 3.10GHz,8 GB,10.16.109.190,80E8.2C11.A6EA,Microsoft Windows 10 Enterprise,22H2,10.0.19045,Citrix Workspace 2311,23.11.1.140,2024-03-12 13:35:00
92,11,74A,11723,BHEN,T-MOB1000116,DR4JMJ3,OptiPlex 3080,Intel(R) Core(TM) i5-10500T CPU @ 2.30GHz,16 GB,10.16.109.208,C025.A591.42FA,Microsoft Windows 10 Enterprise,22H2,10.0.19045,Citrix Workspace 2311,23.11.1.140,2024-03-12 13:36:58
93,11,74E,10377,BHEN,T-MOB1000210,JK4JMJ3,OptiPlex 3080,Intel(R) Core(TM) i5-10500T CPU @ 2.30GHz,16 GB,10.16.109.206,C025.A591.4C6B,Microsoft Windows 10 Enterprise,22H2,10.0.19045,Citrix Workspace 2311,23.11.1.140,2024-03-12 13:38:22
94,11,74G,11229,BHEN,T-MOB100086,4CE1290XQJ,HP EliteDesk 800 G6 Small Form Factor PC,Intel(R) Core(TM) i5-10500 CPU @ 3.10GHz,16 GB,10.16.109.209,0068.EBCC.ADF1,Microsoft Windows 10 Enterprise,22H2,10.0.19045,Citrix Workspace 2311,23.11.1.140,2024-03-12 13:39:34
95,11,56A,10899,BHEN,T-MOB1001201,8CC1112GLZ,HP EliteDesk 800 G6 Desktop Mini PC,Intel(R) Core(TM) i5-10600 CPU @ 3.30GHz,16 GB,10.16.109.217,6C02.E09B.4F1D,Microsoft Windows 10 Enterprise,22H2,10.0.19045,Citrix Workspace 2311,23.11.1.140,2024-03-12 13:47:18
96,11,56B,10000,BHEN,T-MOB1000211,DF4JMJ3,OptiPlex 3080,Intel(R) Core(TM) i5-10500T CPU @ 2.30GHz,16 GB,10.16.109.166,C025.A58A.6A01,Microsoft Windows 10 Enterprise,22H2,10.0.19045,Citrix Workspace 2311,23.11.1.140,2024-03-12 13:49:00
97,11,56C,10900,BHEN,T-MOB1001328,8CC1112GPQ,HP EliteDesk 800 G6 Desktop Mini PC,Intel(R) Core(TM) i5-10600 CPU @ 3.30GHz,16 GB,10.16.111.208,6C02.E09B.52CC,Microsoft Windows 10 Enterprise,22H2,10.0.19045,Citrix Workspace 2311,23.11.1.140,2024-03-12 13:50:10
98,11,56D,11057,NOC,T-MOB100120,4CE1290XNJ,HP EliteDesk 800 G6 Small Form Factor PC,Intel(R) Core(TM) i5-10500 CPU @ 3.10GHz,16 GB,10.16.109.174,0068.EBCC.AD3E,Microsoft Windows 10 Enterprise,22H2,10.0.19045,Citrix Workspace 2311,23.11.1.140,2024-03-12 13:51:10
99,11,56E	,11228,BHEN,T-MOB100087,4CE1290Y1S,HP EliteDesk 800 G6 Small Form Factor PC,Intel(R) Core(TM) i5-10500 CPU @ 3.10GHz,16 GB,10.16.109.170,0068.EBCC.AE42,Microsoft Windows 10 Enterprise,22H2,10.0.19045,Citrix Workspace 2311,23.11.1.140,2024-03-12 13:52:32
100,11,56F,10305,BHEN,T-MOB1001327,8CC1112GN5,HP EliteDesk 800 G6 Desktop Mini PC,Intel(R) Core(TM) i5-10600 CPU @ 3.30GHz,16 GB,10.16.109.171,6C02.E09B.5202,Microsoft Windows 10 Enterprise,22H2,10.0.19045,Citrix Workspace 2311,23.11.1.140,2024-03-12 13:54:24
101,11,56G,11055,BHEN,T-MOB100123,4CE1290Y0K,HP EliteDesk 800 G6 Small Form Factor PC,Intel(R) Core(TM) i5-10500 CPU @ 3.10GHz,16 GB,10.16.109.165,0068.EBCC.A996,Microsoft Windows 10 Enterprise,22H2,10.0.19045,Citrix Workspace 2311,23.11.1.140,2024-03-12 13:56:17
102,11,33A,11585,JP.ERMITA,T-MOB1000115,HB4JMJ3,OptiPlex 3080,Intel(R) Core(TM) i5-10500T CPU @ 2.30GHz,16 GB,10.16.109.134,C025.A591.4950,Microsoft Windows 10 Enterprise,22H2,10.0.19045,Citrix Workspace 2311,23.11.1.140,2024-03-12 17:40:51
103,11,11,10279,JVERANA,T-MOB1001324,8CC0250FC3,HP EliteDesk 800 G5 Desktop Mini,Intel(R) Core(TM) i5-9600 CPU @ 3.10GHz,16 GB,10.16.109.146,BCE9.2F84.ADF2,Microsoft Windows 10 Enterprise,22H2,10.0.19045,Citrix Workspace 2311,23.11.1.140,2024-03-12 17:42:21
104,11,31E,11045,405128,T-MOB100135,4CE1290XRP,HP EliteDesk 800 G6 Small Form Factor PC,Intel(R) Core(TM) i5-10500 CPU @ 3.10GHz,16 GB,10.16.109.128,0068.EBCC.A9B5,Microsoft Windows 10 Enterprise,22H2,10.0.19045,Citrix Workspace 2311,23.11.1.140,2024-03-12 17:43:33
105,11,31F,10340,405128,T-MOB1000975,8CC1112GQN,HP EliteDesk 800 G6 Desktop Mini PC,Intel(R) Core(TM) i5-10600 CPU @ 3.30GHz,16 GB,10.16.110.80,6C02.E09B.4591,Microsoft Windows 10 Enterprise,22H2,10.0.19045,Citrix Workspace 2311,23.11.1.140,2024-03-12 17:43:52
106,11,31B,10123,405128,T-MOB1000974X,8CC1112GRV,HP EliteDesk 800 G6 Desktop Mini PC,Intel(R) Core(TM) i5-10600 CPU @ 3.30GHz,16 GB,10.16.108.84,6C02.E09B.45F6,Microsoft Windows 10 Enterprise,22H2,10.0.19045,Citrix Workspace 2311,23.11.1.140,2024-03-12 17:44:30
107,11,31D,10886,405128,T-MOB1000973X,8CC1112GNP,HP EliteDesk 800 G6 Desktop Mini PC,Intel(R) Core(TM) i5-10600 CPU @ 3.30GHz,16 GB,10.16.110.4,6C02.E09B.52CA,Microsoft Windows 10 Enterprise,22H2,10.0.19045,Citrix Workspace 2311,23.11.1.140,2024-03-12 17:45:03
108,11,31G,11225,405128,T-MOB100084,4CE1290XYK,HP EliteDesk 800 G6 Small Form Factor PC,Intel(R) Core(TM) i5-10500 CPU @ 3.10GHz,16 GB,10.16.111.126,0068.EBCC.AA75,Microsoft Windows 10 Enterprise,22H2,10.0.19045,Citrix Workspace 2311,23.11.1.140,2024-03-12 17:45:27
109,11,32G,11056,405128,T-MOB100142,4CE1290XXG,HP EliteDesk 800 G6 Small Form Factor PC,Intel(R) Core(TM) i5-10500 CPU @ 3.10GHz,16 GB,10.16.111.132,0068.EBCC.9805,Microsoft Windows 10 Enterprise,22H2,10.0.19045,Citrix Workspace 2311,23.11.1.140,2024-03-12 17:46:29
110,11,34B,11736,JVERANA,T-MOB1000093,6F4JMJ3,OptiPlex 3080,Intel(R) Core(TM) i5-10500T CPU @ 2.30GHz,16 GB,10.16.109.137,C025.A588.FA92,Microsoft Windows 10 Enterprise,22H2,10.0.19045,Citrix Workspace 2311,23.11.1.140,2024-03-12 17:46:54
111,11,32F,10010,405128,T-MOB1001146,8CC91752HD,HP EliteDesk 800 G4 DM 65W,Intel(R) Core(TM) i5-8600 CPU @ 3.10GHz,8 GB,10.16.111.131,C465.16B1.4807,Microsoft Windows 10 Enterprise,22H2,10.0.19045,Citrix Workspace 2311,23.11.1.140,2024-03-12 17:47:37
112,11,32E,11091,405128,T-MOB100150,4CE1290XP6,HP EliteDesk 800 G6 Small Form Factor PC,Intel(R) Core(TM) i5-10500 CPU @ 3.10GHz,16 GB,10.16.111.133,0068.EBCC.AED5,Microsoft Windows 10 Enterprise,22H2,10.0.19045,Citrix Workspace 2311,23.11.1.140,2024-03-12 17:48:26
113,11,33C,11087,JP.ERMITA,T-MOB1001322,4CE1290XWY,HP EliteDesk 800 G6 Small Form Factor PC,Intel(R) Core(TM) i5-10500 CPU @ 3.10GHz,16 GB,10.16.111.150,0068.EBCC.9DDE,Microsoft Windows 10 Enterprise,22H2,10.0.19045,Citrix Workspace 2311,23.11.1.140,2024-03-12 17:48:29
114,11,32B,10169,405128,T-MOB1001148X,8CC0250FJ9,HP EliteDesk 800 G5 Desktop Mini,Intel(R) Core(TM) i5-9600 CPU @ 3.10GHz,16 GB,10.16.111.130,BCE9.2F85.D5CD,Microsoft Windows 10 Enterprise,22H2,10.0.19045,Citrix Workspace 2311,23.11.1.140,2024-03-12 17:49:03
115,11,32C,10192,405128,T-MOB1000215,8K4JMJ3,OptiPlex 3080,Intel(R) Core(TM) i5-10500T CPU @ 2.30GHz,16 GB,10.16.109.122,C025.A591.4C67,Microsoft Windows 10 Enterprise,22H2,10.0.19045,Citrix Workspace 2311,23.11.1.140,2024-03-12 17:50:24
116,11,32A,10019,405128,T-MOB1001004,8CC91752H0,HP EliteDesk 800 G4 DM 65W,Intel(R) Core(TM) i5-8600 CPU @ 3.10GHz,8 GB,10.16.111.129,C465.16B1.4A95,Microsoft Windows 10 Enterprise,22H2,10.0.19045,Citrix Workspace 2311,23.11.1.140,2024-03-12 17:51:24
117,11,32D,10032,405128,T-MOB1001223X,8CC91752FW,HP EliteDesk 800 G4 DM 65W,Intel(R) Core(TM) i5-8600 CPU @ 3.10GHz,8 GB,10.16.111.134,C465.16B1.4B61,Microsoft Windows 10 Enterprise,22H2,10.0.19045,Citrix Workspace 2311,23.11.1.140,2024-03-12 17:52:25
118,11,33D,10883,JP.ERMITA,T-MOB1001139,8CC1112GQ9,HP EliteDesk 800 G6 Desktop Mini PC,Intel(R) Core(TM) i5-10600 CPU @ 3.30GHz,16 GB,10.16.109.130,6C02.E09B.45A1,Microsoft Windows 10 Enterprise,22H2,10.0.19045,Citrix Workspace 2311,23.11.1.140,2024-03-12 17:53:41
119,11,34D,11119,JVERANA,T-MOB100071,4CE1290XQK,HP EliteDesk 800 G6 Small Form Factor PC,Intel(R) Core(TM) i5-10500 CPU @ 3.10GHz,16 GB,10.16.111.151,0068.EBCC.AF22,Microsoft Windows 10 Enterprise,22H2,10.0.19045,Citrix Workspace 2311,23.11.1.140,2024-03-12 17:53:47
120,11,31A,11972,405128,T-MOB1000216X,894JMJ3,OptiPlex 3080,Intel(R) Core(TM) i5-10500T CPU @ 2.30GHz,16 GB,10.16.80.146,C025.A591.4D45,Microsoft Windows 10 Enterprise,22H2,10.0.19045,Citrix Workspace 2311,23.11.1.140,2024-03-12 17:54:09
121,11,34C,10093,JVERANA,T-MOB1001002,8CC0250FK1,HP EliteDesk 800 G5 Desktop Mini,Intel(R) Core(TM) i5-9600 CPU @ 3.10GHz,16 GB,10.16.109.44,BCE9.2F85.D3B5,Microsoft Windows 10 Enterprise,22H2,10.0.19045,Citrix Workspace 2311,23.11.1.140,2024-03-12 17:54:42
122,11,32C,10192,405128,T-MOB1000215,8K4JMJ3,OptiPlex 3080,Intel(R) Core(TM) i5-10500T CPU @ 2.30GHz,16 GB,10.16.109.122,C025.A591.4C67,Microsoft Windows 10 Enterprise,22H2,10.0.19045,Citrix Workspace 2311,23.11.1.140,2024-03-12 17:54:55
123,11,33F,11118,JP.ERMITA,T-MOB100091,4CE1290Y1B,HP EliteDesk 800 G6 Small Form Factor PC,Intel(R) Core(TM) i5-10500 CPU @ 3.10GHz,16 GB,10.16.111.142,0068.EBCC.B0D7,Microsoft Windows 10 Enterprise,22H2,10.0.19045,Citrix Workspace 2311,23.11.1.140,2024-03-12 17:55:37
124,11,33E,11089,JP.ERMITA,T-MOB100146,4CE1290XP0,HP EliteDesk 800 G6 Small Form Factor PC,Intel(R) Core(TM) i5-10500 CPU @ 3.10GHz,16 GB,10.16.109.136,0068.EBCC.96E2,Microsoft Windows 10 Enterprise,22H2,10.0.19045,Citrix Workspace 2311,23.11.1.140,2024-03-12 17:56:21
125,11,34E,10266,JVERANA,T-MOB1000186,51TSNJ3,OptiPlex 3080,Intel(R) Core(TM) i5-10500T CPU @ 2.30GHz,16 GB,10.16.109.135,C025.A591.4426,Microsoft Windows 10 Enterprise,22H2,10.0.19045,Citrix Workspace 2311,23.11.1.140,2024-03-12 17:57:37
126,11,34G,11037,JVERANA,T-MOB100102,4CE1290XSR,HP EliteDesk 800 G6 Small Form Factor PC,Intel(R) Core(TM) i5-10500 CPU @ 3.10GHz,16 GB,10.16.111.162,0068.EBCC.B126,Microsoft Windows 10 Enterprise,22H2,10.0.19045,Citrix Workspace 2311,23.11.1.140,2024-03-12 17:58:54
127,11,33G,10246,405128,T-MOB1001147,8CC0250FJP,HP EliteDesk 800 G5 Desktop Mini,Intel(R) Core(TM) i5-9600 CPU @ 3.10GHz,16 GB,10.16.109.131,BCE9.2F85.D163,Microsoft Windows 10 Enterprise,22H2,10.0.19045,Citrix Workspace 2311,23.11.1.140,2024-03-12 17:59:52
128,11,31C,11714,405128,T-MOB1000081,6G4JMJ3,OptiPlex 3080,Intel(R) Core(TM) i5-10500T CPU @ 2.30GHz,16 GB,10.16.108.93,C025.A58A.67B8,Microsoft Windows 10 Enterprise,22H2,10.0.19045,Citrix Workspace 2311,23.11.1.140,2024-03-12 18:03:09
129,11,35C,11203,405128,T-MOB1001008,8CC91752GG,HP EliteDesk 800 G4 DM 65W,Intel(R) Core(TM) i5-8600 CPU @ 3.10GHz,8 GB,10.16.109.160,C465.16B1.4A89,Microsoft Windows 10 Enterprise,22H2,10.0.19045,Citrix Workspace 2311,23.11.1.140,2024-03-12 18:06:14
130,11,35A,10363,405128,T-MOB1000997,8CC9220JHM,HP EliteDesk 800 G4 DM 65W,Intel(R) Core(TM) i5-8600 CPU @ 3.10GHz,8 GB,10.16.109.139,80E8.2C11.A389,Microsoft Windows 10 Enterprise,22H2,10.0.19045,Citrix Workspace 2311,23.11.1.140,2024-03-12 18:06:39
131,11,36G,10767,JVERANA,T-MOB1001012,8CC0250FK4,HP EliteDesk 800 G5 Desktop Mini,Intel(R) Core(TM) i5-9600 CPU @ 3.10GHz,16 GB,10.16.81.60,BCE9.2F85.D164,Microsoft Windows 10 Enterprise,22H2,10.0.19045,Citrix Workspace 2311,23.11.1.140,2024-03-12 18:06:52
132,11,35B,1285,405128,T-MOB1000936,4CE1290XS8,HP EliteDesk 800 G6 Small Form Factor PC,Intel(R) Core(TM) i5-10500 CPU @ 3.10GHz,4 GB,10.16.81.61,0068.EBCC.AA16,Microsoft Windows 10 Enterprise,22H2,10.0.19045,Citrix Workspace 2311,23.11.1.140,2024-03-12 18:07:00
133,11,35E,10328,405128,T-MOB1001168,8CC0250FJZ,HP EliteDesk 800 G5 Desktop Mini,Intel(R) Core(TM) i5-9600 CPU @ 3.10GHz,16 GB,10.16.109.177,BCE9.2F85.D3B7,Microsoft Windows 10 Enterprise,22H2,10.0.19045,Citrix Workspace 2311,23.11.1.140,2024-03-12 18:07:23
134,11,36F,10103,JVERANA,T-MOB1000165,1H4JMJ3,OptiPlex 3080,Intel(R) Core(TM) i5-10500T CPU @ 2.30GHz,16 GB,10.16.82.56,C025.A58A.67CF,Microsoft Windows 10 Enterprise,22H2,10.0.19045,Citrix Workspace 2311,23.11.1.140,2024-03-12 18:08:13
135,11,35G,10181,405128,T-MOB1000998X,8CC0250F9N,HP EliteDesk 800 G5 Desktop Mini,Intel(R) Core(TM) i5-9600 CPU @ 3.10GHz,16 GB,10.16.109.27,BCE9.2F84.ACAB,Microsoft Windows 10 Enterprise,22H2,10.0.19045,Citrix Workspace 2311,23.11.1.140,2024-03-12 18:08:20
136,11,35F,11643,405128,T-MOB1000376,90TSNJ3,OptiPlex 3080,Intel(R) Core(TM) i5-10500T CPU @ 2.30GHz,16 GB,10.16.81.37,C025.A591.47A4,Microsoft Windows 10 Enterprise,22H2,10.0.19045,Citrix Workspace 2311,23.11.1.140,2024-03-12 18:10:07
137,11,35D,10373,405128,T-MOB1000163,845JMJ3,OptiPlex 3080,Intel(R) Core(TM) i5-10500T CPU @ 2.30GHz,16 GB,10.16.109.164,C025.A58A.6419,Microsoft Windows 10 Enterprise,22H2,10.0.19045,Citrix Workspace 2311,23.11.1.140,2024-03-12 18:10:16
138,11,36A,11291,JP.ERMITA,T-MOB1000947,4CE1290XS5,HP EliteDesk 800 G6 Small Form Factor PC,Intel(R) Core(TM) i5-10500 CPU @ 3.10GHz,16 GB,10.16.83.125,0068.EBCC.AB80,Microsoft Windows 10 Enterprise,22H2,10.0.19045,Citrix Workspace 2309,23.9.1.104,2024-03-12 18:10:57
139,11,36B,10187,JVERANA,T-MOB1000761,8CC9325F55,HP EliteDesk 800 G4 DM 65W,Intel(R) Core(TM) i5-8600 CPU @ 3.10GHz,8 GB,10.16.83.74,F8B4.6AAC.90DD,Microsoft Windows 10 Enterprise,22H2,10.0.19045,Citrix Workspace 2311,23.11.1.140,2024-03-12 18:11:09
140,11,36G,10767,405128,T-MOB1001012,8CC0250FK4,HP EliteDesk 800 G5 Desktop Mini,Intel(R) Core(TM) i5-9600 CPU @ 3.10GHz,16 GB,10.16.81.60,BCE9.2F85.D164,Microsoft Windows 10 Enterprise,22H2,10.0.19045,Citrix Workspace 2311,23.11.1.140,2024-03-12 18:11:29
141,11,36C,11035,JVERANA,T-MOB1001369,4CE1290XWJ,HP EliteDesk 800 G6 Small Form Factor PC,Intel(R) Core(TM) i5-10500 CPU @ 3.10GHz,16 GB,10.16.80.237,0068.EBCC.9A6D,Microsoft Windows 10 Enterprise,22H2,10.0.19045,Citrix Workspace 2311,23.11.1.140,2024-03-12 18:12:25
142,11,36D,10002,JP.ERMITA,T-MOB1000062,8CC046065Z,HP EliteDesk 800 G5 Desktop Mini,Intel(R) Core(TM) i5-9600 CPU @ 3.10GHz,16 GB,10.16.81.90,F80D.AC1C.F080,Microsoft Windows 10 Enterprise,22H2,10.0.19045,Citrix Workspace 2311,23.11.1.140,2024-03-12 18:13:04
143,11,36F,10103,JP.ERMITA,T-MOB1000165,1H4JMJ3,OptiPlex 3080,Intel(R) Core(TM) i5-10500T CPU @ 2.30GHz,16 GB,10.16.82.56,C025.A58A.67CF,Microsoft Windows 10 Enterprise,22H2,10.0.19045,Citrix Workspace 2311,23.11.1.140,2024-03-12 18:35:08
144,11,01A,11434,mlanoc,T-Mob1000011,4CE1290XP2,na,na,na,na,00-68-EB-CC-A9-C9,Windows 10  10.0.19045,22H2,10.0.19045,Citrix Workspace 2311,23.11.1.140,2024-03-13 14:16:30
145,11,01B,10359,mlanoc,T-Mob1000213,6H4JMJ3,na,na,na,na,C0-25-A5-8A-67-8E,Windows 10  10.0.19045,22H2,10.0.19045,Citrix Workspace 2311,23.11.1.140,2024-03-13 14:16:31
146,11,01C,11463,mlanoc,T-Mob1000028,4CE1290XY7,na,na,na,na,00-68-EB-CC-AB-78,Windows 10  10.0.19045,22H2,10.0.19045,Citrix Workspace 2311,23.11.1.140,2024-03-13 14:16:31
147,11,01D,10221,mlanoc,T-Mob1001044,7T4JMJ3,na,na,na,na,C0-25-A5-91-4C-B8,Windows 10  10.0.19045,22H2,10.0.19045,Citrix Workspace 2311,23.11.1.140,2024-03-13 14:16:31
148,11,01E,11430,mlanoc,T-Mob1000029,4CE1290XPV,na,na,na,na,00-68-EB-CC-B1-09,Windows 10  10.0.19045,22H2,10.0.19045,Citrix Workspace 2311,23.11.1.140,2024-03-13 14:16:31
149,11,01F,11039,mlanoc,T-Mob100133,4CE1290XX0,na,na,na,na,00-68-EB-CC-9D-DA,Windows 10  10.0.19045,22H2,10.0.19045,Citrix Workspace 2311,23.11.1.140,2024-03-13 14:16:31
150,11,01G,11433,mlanoc,T-Mob1000025,4CE1290XQD,na,na,na,na,00-68-EB-CC-AC-DE,Windows 10  10.0.19045,22H2,10.0.19045,Citrix Workspace 2311,23.11.1.140,2024-03-13 14:16:31
151,11,02A,11437,mlanoc,T-MOB1000031,4CE1290XYD,na,na,na,na,00-68-EB-CC-AA-A9,Windows 10  10.0.19045,22H2,10.0.19045,Citrix Workspace 2311,23.11.1.140,2024-03-13 14:16:31
152,11,02B,10076,mlanoc,T-Mob1000214X,9L4JMJ3,na,na,na,na,C0-25-A5-8A-68-39,Windows 10  10.0.19045,22H2,10.0.19045,Citrix Workspace 2311,23.11.1.140,2024-03-13 14:16:31
153,11,02C,11449,mlanoc,T-MOB1000019,4CE1290XVF,na,na,na,na,00-68-EB-CC-A9-BA,Windows 10  10.0.19045,22H2,10.0.19045,Citrix Workspace 2311,23.11.1.140,2024-03-13 14:16:31
154,11,02D,11447,mlanoc,T-MOB1000016,4CE1290XY1,na,na,na,na,00-68-EB-CC-AB-6A,Windows 10  10.0.19045,22H2,10.0.19045,Citrix Workspace 2311,23.11.1.140,2024-03-13 14:16:31
155,11,02E,11140,mlanoc,T-MOB100147,4CE1290XQF,na,na,na,na,00-68-EB-CC-AE-E3,Windows 10  10.0.19045,22H2,10.0.19045,Citrix Workspace 2311,23.11.1.140,2024-03-13 14:16:31
156,11,02F,11439,mlanoc,T-MOB1000015,4CE1290XYV,na,na,na,na,00-68-EB-CC-AD-97,Windows 10  10.0.19045,22H2,10.0.19045,Citrix Workspace 2311,23.11.1.140,2024-03-13 14:16:31
157,11,02G,10115,mlanoc,T-Mob1000976,8CC0250FFS,na,na,na,na,BC-E9-2F-84-AE-2D,Windows 10  10.0.19045,22H2,10.0.19045,Citrix Workspace 2311,23.11.1.140,2024-03-13 14:16:31
158,11,03B,10355,mlanoc,T-Mob1001159,8CC1112GNJ,na,na,na,na,6C-02-E0-9B-51-8C,Windows 10  10.0.19045,22H2,10.0.19045,Citrix Workspace 2311,23.11.1.140,2024-03-13 14:16:31
159,11,03C,10307,mlanoc,T-Mob1000659,3M4JMJ3,na,na,na,na,C0-25-A5-88-F9-D7,Windows 10  10.0.19045,22H2,10.0.19045,Citrix Workspace 2311,23.11.1.140,2024-03-13 14:16:31
160,11,03D,10382,mlanoc,T-Mob1000230,J34JMJ3,na,na,na,na,C0-25-A5-91-49-47,Windows 10  10.0.19045,22H2,10.0.19045,Citrix Workspace 2311,23.11.1.140,2024-03-13 14:16:31
161,11,03E,10175,mlanoc,T-Mob1001290,8CC1112GM8,na,na,na,na,6C-02-E0-9B-51-F2,Windows 10  10.0.19045,22H2,10.0.19045,Citrix Workspace 2311,23.11.1.140,2024-03-13 14:16:31
162,11,03F,11053,mlanoc,T-Mob100122,4CE1290XZ2,na,na,na,na,00-68-EB-CC-9D-25,Windows 10  10.0.19045,22H2,10.0.19045,Citrix Workspace 2311,23.11.1.140,2024-03-13 14:16:31
163,11,03G,10273,mlanoc,T-Mob1000228,C95JMJ3,na,na,na,na,C0-25-A5-88-E3-13,Windows 10  10.0.19045,22H2,10.0.19045,Citrix Workspace 2311,23.11.1.140,2024-03-13 14:16:31
164,11,04A,10366,mlanoc,T-Mob1001292,8CC0250FB1,na,na,na,na,BC-E9-2F-84-AD-F6,Windows 10  10.0.19045,22H2,10.0.19045,Citrix Workspace 2311,23.11.1.140,2024-03-13 14:16:31
165,11,04B,11645,mlanoc,T-MOB1000120,FB4JMJ3,na,na,na,na,C0-25-A5-91-43-38,Windows 10  10.0.19045,22H2,10.0.19045,Citrix Workspace 2311,23.11.1.140,2024-03-13 14:16:31
166,11,04C,10172,mlanoc,T-Mob1001145,8CC0250FBN,na,na,na,na,BC-E9-2F-84-AD-E3,Windows 10  10.0.19045,22H2,10.0.19045,Citrix Workspace 2311,23.11.1.140,2024-03-13 14:16:31
167,11,04D,11042,mlanoc,T-MOB100131,4CE1290XSS,na,na,na,na,00-68-EB-CC-4A-B7,Windows 10  10.0.19045,22H2,10.0.19045,Citrix Workspace 2311,23.11.1.140,2024-03-13 14:16:31
168,11,04E,10213,mlanoc,T-MOB1000071,8CC0250FKJ,na,na,na,na,BC-E9-2F-85-D3-CB,Windows 10  10.0.19045,22H2,10.0.19045,Citrix Workspace 2311,23.11.1.140,2024-03-13 14:16:31
169,11,04F,10365,mlanoc,T-MOB1000641,965JMJ3,na,na,na,na,C0-25-A5-8A-6E-5E,Windows 10  10.0.19045,22H2,10.0.19045,Citrix Workspace 2311,23.11.1.140,2024-03-13 14:16:31
170,11,04G,10759,mlanoc,T-Mob1001143,8CC0460656,na,na,na,na,F8-0D-AC-2B-D4-EF,Windows 10  10.0.19045,22H2,10.0.19045,Citrix Workspace 2311,23.11.1.140,2024-03-13 14:16:31
171,11,05A,11034,mlanoc,T-Mob100108,4CE1290Y22,na,na,na,na,00-68-EB-CC-B0-3A,Windows 10  10.0.19045,22H2,10.0.19045,Citrix Workspace 2311,23.11.1.140,2024-03-13 14:16:31
172,11,05B,10069,mlanoc,T-Mob1000111,3F4JMJ3,na,na,na,na,C0-25-A5-91-47-85,Windows 10  10.0.19045,22H2,10.0.19045,Citrix Workspace 2311,23.11.1.140,2024-03-13 14:16:31
173,11,05C,10216,mlanoc,T-Mob100159,4CE1290XWR,na,na,na,na,00-68-EB-CC-9A-78,Windows 10  10.0.19045,22H2,10.0.19045,Citrix Workspace 2311,23.11.1.140,2024-03-13 14:16:31
174,11,05D,10313,mlanoc,T-Mob1000229,4W4JMJ3,na,na,na,na,C0-25-A5-8A-5E-10,Windows 10  10.0.19045,22H2,10.0.19045,Citrix Workspace 2311,23.11.1.140,2024-03-13 14:16:31
175,11,05E,10319,mlanoc,T-Mob1000935,8CC0250FHH,na,na,na,na,BC-E9-2F-85-D5-D0,Windows 10  10.0.19045,22H2,10.0.19045,Citrix Workspace 2311,23.11.1.140,2024-03-13 14:16:31
176,11,05F,10253,mlanoc,T-Mob1000235,4X4JMJ3,na,na,na,na,C0-25-A5-8A-6E-58,Windows 10  10.0.19045,22H2,10.0.19045,Citrix Workspace 2311,23.11.1.140,2024-03-13 14:16:31
177,11,05G,10898,mlanoc,T-Mob1001291,8CC1112GQL,na,na,na,na,6C-02-E0-9B-45-99,Windows 10  10.0.19045,22H2,10.0.19045,Citrix Workspace 2311,23.11.1.140,2024-03-13 14:16:31
178,11,06A,10386,mlanoc,T-Mob1000941,8CC0250FBY,na,na,na,na,BC-E9-2F-84-AD-ED,Windows 10  10.0.19045,22H2,10.0.19045,Citrix Workspace 2311,23.11.1.140,2024-03-13 14:16:31
179,11,06B,10137,mlanoc,T-Mob1000167,5W4JMJ3,na,na,na,na,C0-25-A5-8A-5C-B8,Windows 10  10.0.19045,22H2,10.0.19045,Citrix Workspace 2311,23.11.1.140,2024-03-13 14:16:31
180,11,06C,10762,mlanoc,T-Mob1000996,8CC9325F4P,na,na,na,na,F8-B4-6A-AC-93-86,Windows 10  10.0.19045,22H2,10.0.19045,Citrix Workspace 2311,23.11.1.140,2024-03-13 14:16:32
181,11,06D,11644,mlanoc,T-Mob1000565,C7NWKJ3,na,na,na,na,C0-25-A5-8A-70-F9,Windows 10  10.0.19045,22H2,10.0.19045,Citrix Workspace 2311,23.11.1.140,2024-03-13 14:16:32
182,11,06E,10768,mlanoc,T-Mob1000994,8CC9325F4T,na,na,na,na,F8-B4-6A-AC-92-06,Windows 10  10.0.19045,22H2,10.0.19045,Citrix Workspace 2311,23.11.1.140,2024-03-13 14:16:32
183,11,06F,10766,mlanoc,T-Mob1000995,8CC9325F5F,na,na,na,na,F8-B4-6A-AC-91-38,Windows 10  10.0.19045,22H2,10.0.19045,Citrix Workspace 2311,23.11.1.140,2024-03-13 14:16:32
184,11,06G,11650,mlanoc,T-Mob1000262,2C4JMJ3,na,na,na,na,C0-25-A5-91-43-50,Windows 10  10.0.19045,22H2,10.0.19045,Citrix Workspace 2311,23.11.1.140,2024-03-13 14:16:32
185,11,07A,11779,mlanoc,T-MOB100159,TMOB1000942,na,na,na,na,BC-E9-2F-85-D3-B2,Windows 10  10.0.19045,22H2,10.0.19045,Citrix Workspace 2311,23.11.1.140,2024-03-13 14:16:32
186,11,07B,11906,mlanoc,T-Mob1001275,8CC0250FBF,na,na,na,na,BC-E9-2F-84-AE-02,Windows 10  10.0.19045,22H2,10.0.19045,Citrix Workspace 2311,23.11.1.140,2024-03-13 14:16:32
187,11,07C,10372,mlanoc,T-Mob1000177,G0TSNJ3,na,na,na,na,C0-25-A5-91-48-BA,Windows 10  10.0.19045,22H2,10.0.19045,Citrix Workspace 2311,23.11.1.140,2024-03-13 14:16:32
188,11,07D,10267,mlanoc,T-MOB0443,D0K2SF3,na,na,na,na,A4-BB-6D-80-22-5D,Windows 10  10.0.19045,22H2,10.0.19045,Citrix Workspace 2311,23.11.1.140,2024-03-13 14:16:32
189,11,07E,11207,mlanoc,T-Mob1001276,JPK2SF3,na,na,na,na,A4-BB-6D-83-93-08,Windows 10  10.0.19045,22H2,10.0.19045,Citrix Workspace 2311,23.11.1.140,2024-03-13 14:16:32
190,11,07F,10374,mlanoc,T-Mob1001277,8CC0250FJY,na,na,na,na,BC-E9-2F-85-D3-B6,Windows 10  10.0.19045,22H2,10.0.19045,Citrix Workspace 2311,23.11.1.140,2024-03-13 14:16:32
191,11,07G,10229,mlanoc,T-Mob1000276,5P4JMJ3,na,na,na,na,C0-25-A5-91-47-7D,Windows 10  10.0.19045,22H2,10.0.19045,Citrix Workspace 2311,23.11.1.140,2024-03-13 14:16:32
192,11,08A,10255,mlanoc,T-Mob1000992,8CC0250FH9,na,na,na,na,BC-E9-2F-85-D3-AF,Windows 10  10.0.19045,22H2,10.0.19045,Citrix Workspace 2311,23.11.1.140,2024-03-13 14:16:32
193,11,08B,11210,mlanoc,T-Mob1001298,2DK2SF3,na,na,na,na,A4-BB-6D-80-6A-72,Windows 10  10.0.19045,22H2,10.0.19045,Citrix Workspace 2311,23.11.1.140,2024-03-13 14:16:32
194,11,08C,10233,mlanoc,T-Mob1001167,8CC0250FD7,na,na,na,na,BC-E9-2F-84-AE-A4,Windows 10  10.0.19045,22H2,10.0.19045,Citrix Workspace 2311,23.11.1.140,2024-03-13 14:16:32
195,11,08D,11288,mlanoc,T-Mob1000004,4CE1290XX4,na,na,na,na,00-68-EB-CC-9C-9A,Windows 10  10.0.19045,22H2,10.0.19045,Citrix Workspace 2311,23.11.1.140,2024-03-13 14:16:32
196,11,08E,10236,mlanoc,T-Mob1001293,8CC0250FK9,na,na,na,na,BC-E9-2F-85-D3-D1,Windows 10  10.0.19045,22H2,10.0.19045,Citrix Workspace 2311,23.11.1.140,2024-03-13 14:16:32
197,11,08F,10800,mlanoc,T-MOB1000170,974JMJ3,na,na,na,na,C0-25-A5-91-4C-5E,Windows 10  10.0.19045,22H2,10.0.19045,Citrix Workspace 2311,23.11.1.140,2024-03-13 14:16:32
198,11,08G,10234,mlanoc,T-MOB151,8CC0250FJ4,na,na,na,na,BC-E9-2F-85-D5-CF,Windows 10  10.0.19045,22H2,10.0.19045,Citrix Workspace 2311,23.11.1.140,2024-03-13 14:16:32
199,11,09A,11293,mlanoc,T-Mob1001297,4CE1290XTV,na,na,na,na,00-68-EB-CC-AD-37,Windows 10  10.0.19045,22H2,10.0.19045,Citrix Workspace 2311,23.11.1.140,2024-03-13 14:16:32
200,11,09B,10811,mlanoc,T-Mob1001294,8CC9220JHV,na,na,na,na,80-E8-2C-11-A6-F1,Windows 10  10.0.19045,22H2,10.0.19045,Citrix Workspace 2311,23.11.1.140,2024-03-13 14:16:32
201,11,09C,10230,mlanoc,T-Mob1001296,8CC0250FB6,na,na,na,na,BC-E9-2F-84-AD-FE,Windows 10  10.0.19045,22H2,10.0.19045,Citrix Workspace 2311,23.11.1.140,2024-03-13 14:16:32
202,11,09D,11593,mlanoc,T-MOB1000113,FT4JMJ3,na,na,na,na,C0-25-A5-91-46-99,Windows 10  10.0.19045,22H2,10.0.19045,Citrix Workspace 2311,23.11.1.140,2024-03-13 14:16:32
203,11,09E,10231,mlanoc,T-Mob1001295,8CC0250FCT,na,na,na,na,BC-E9-2F-85-D3-FF,Windows 10  10.0.19045,22H2,10.0.19045,Citrix Workspace 2311,23.11.1.140,2024-03-13 14:16:32
204,11,09F,10331,mlanoc,T-Mob1000189X,CV4JMJ3,na,na,na,na,C0-25-A5-8A-63-54,Windows 10  10.0.19045,22H2,10.0.19045,Citrix Workspace 2311,23.11.1.140,2024-03-13 14:16:32
205,11,09G,10244,mlanoc,T-Mob1001169,8CC0250FKK,na,na,na,na,BC-E9-2F-85-D3-C6,Windows 10  10.0.19045,22H2,10.0.19045,Citrix Workspace 2311,23.11.1.140,2024-03-13 14:16:32
206,11,10A,11452,mlanoc,T-Mob1000022,4CE1290XQY,na,na,na,na,00-68-EB-CC-AD-87,Windows 10  10.0.19045,22H2,10.0.19045,Citrix Workspace 2311,23.11.1.140,2024-03-13 14:16:32
207,11,10B,10334,mlanoc,T-Mob1000023,4CE1290XXK,na,na,na,na,00-68-EB-CC-9B-83,Windows 10  10.0.19045,22H2,10.0.19045,Citrix Workspace 2311,23.11.1.140,2024-03-13 14:16:32
208,11,10C,10204,mlanoc,T-Mob100058,4CE1290XSB,na,na,na,na,00-68-EB-CC-AA-2F,Windows 10  10.0.19045,22H2,10.0.19045,Citrix Workspace 2311,23.11.1.140,2024-03-13 14:16:32
209,11,10D,10222,mlanoc,T-Mob1000898,4M7BZR3,na,na,na,na,00-BE-43-F6-F9-BF,Windows 10  10.0.19045,22H2,10.0.19045,Citrix Workspace 2311,23.11.1.140,2024-03-13 14:16:32
210,11,10E,11046,mlanoc,T-Mob100129,4CE1290XP5,na,na,na,na,00-68-EB-CC-AC-FC,Windows 10  10.0.19045,22H2,10.0.19045,Citrix Workspace 2311,23.11.1.140,2024-03-13 14:16:32
211,11,10F,10232,mlanoc,T-Mob1001302,8CC0250FD0,na,na,na,na,BC-E9-2F-85-D5-20,Windows 10  10.0.19045,22H2,10.0.19045,Citrix Workspace 2311,23.11.1.140,2024-03-13 14:16:32
212,11,10G,10258,mlanoc,T-Mob1000180,BL4JMJ3,na,na,na,na,C0-25-A5-8A-67-89,Windows 10  10.0.19045,22H2,10.0.19045,Citrix Workspace 2311,23.11.1.140,2024-03-13 14:16:32
213,11,11A,10745,mlanoc,T-Mob1001300,8CC046065L,na,na,na,na,F8-0D-AC-2B-D4-C5,Windows 10 10.0.19045,22H2,10.0.19045,Citrix Workspace 2311,23.11.1.140,2024-03-13 14:16:32
214,11,11B,11033,mlanoc,T-Mob100125,4CE1290XSP,na,na,na,na,00-68-EB-CC-B0-FE,Windows 10 10.0.19045,22H2,10.0.19045,Citrix Workspace 2311,23.11.1.140,2024-03-13 14:16:32
215,11,11C,10227,mlanoc,T-Mob1001301,8CC046062W,na,na,na,na,F8-0D-AC-2B-D3-7F,Windows 10 10.0.19045,22H2,10.0.19045,Citrix Workspace 2311,23.11.1.140,2024-03-13 14:16:32
216,11,11D,11051,mlanoc,T-Mob100132,4CE1290XP7,na,na,na,na,00-68-EB-CC-AD-E9,Windows 10 10.0.19045,22H2,10.0.19045,Citrix Workspace 2311,23.11.1.140,2024-03-13 14:16:32
217,11,11E,11231,mlanoc,T-MOB100053,4CE1290XZ5,na,na,na,na,C0-25-A5-8A-6C-F3,Windows 10  10.0.19045,22H2,10.0.19045,Citrix Workspace 2311,23.11.1.140,2024-03-13 14:16:33
218,11,11F,11024,mlanoc,T-Mob1000183,654JMJ3,na,na,na,na,C0-25-A5-91-4D-13,Windows 10 10.0.19045,22H2,10.0.19045,Citrix Workspace 2311,23.11.1.140,2024-03-13 14:16:33
219,11,11G,10206,mlanoc,T-Mob1001303,8CC0250FLB,na,na,na,na,BC-E9-2F-86-71-63,Windows 10 10.0.19045,22H2,10.0.19045,Citrix Workspace 2311,23.11.1.140,2024-03-13 14:16:33
220,11,12A,10149,mlanoc,T-Mob1001307,8CC046065X,na,na,na,na,F8-0D-AC-1C-EF-A5,Windows 10  10.0.19045,22H2,10.0.19045,Citrix Workspace 2311,23.11.1.140,2024-03-13 14:16:33
221,11,12B,11041,mlanoc,T-Mob100118,4CE1290XVJ,na,na,na,na,00-68-EB-CC-9C-1A,Windows 10  10.0.19045,22H2,10.0.19045,Citrix Workspace 2311,23.11.1.140,2024-03-13 14:16:33
222,11,12C,11299,mlanoc,T-Mob100077,4CE1290XZ9,na,na,na,na,00-68-EB-CC-AB-95,Windows 10  10.0.19045,22H2,10.0.19045,Citrix Workspace 2311,23.11.1.140,2024-03-13 14:16:33
223,11,12D,11031,mlanoc,T-Mob100119,4CE1290XS3,na,na,na,na,00-68-EB-CC-A9-9C,Windows 10  10.0.19045,22H2,10.0.19045,Citrix Workspace 2311,23.11.1.140,2024-03-13 14:16:33
224,11,12E,10196,mlanoc,T-Mob1000603,8CC0250FFT,na,na,na,na,BC-E9-2F-84-AE-31,Windows 10  10.0.19045,22H2,10.0.19045,Citrix Workspace 2311,23.11.1.140,2024-03-13 14:16:33
225,11,12F,11819,mlanoc,T-Mob1000176,4G4JMJ3,na,na,na,na,C0-25-A5-88-FA-E7,Windows 10  10.0.19045,22H2,10.0.19045,Citrix Workspace 2311,23.11.1.140,2024-03-13 14:16:33
226,11,12G,10198,mlanoc,T-Mob1001305,8CC0250FLH,na,na,na,na,BC-E9-2F-86-81-1B,Windows 10  10.0.19045,22H2,10.0.19045,Citrix Workspace 2311,23.11.1.140,2024-03-13 14:16:33
227,11,13A,11280,mlanoc,T-Mob1000224,885JMJ3,na,na,na,na,C0-25-A5-8A-70-5B,Windows 10  10.0.19045,22H2,10.0.19045,Citrix Workspace 2311,23.11.1.140,2024-03-13 14:16:33
228,11,13B,11021,mlanoc,T-Mob1001308,4CE1290XNX,na,na,na,na,00-68-EB-CC-AA-00,Windows 10  10.0.19045,22H2,10.0.19045,Citrix Workspace 2311,23.11.1.140,2024-03-13 14:16:33
229,11,13C,10035,mlanoc,T-Mob1001306,8CC0250FJD,na,na,na,na,BC-E9-2F-85-D5-DD,Windows 10  10.0.19045,22H2,10.0.19045,Citrix Workspace 2311,23.11.1.140,2024-03-13 14:16:33
230,11,13D,11058,mlanoc,T-Mob100103,4CE1290XWH,na,na,na,na,00-68-EB-CC-9C-CB,Windows 10  10.0.19045,22H2,10.0.19045,Citrix Workspace 2311,23.11.1.140,2024-03-13 14:16:33
231,11,13E,11094,mlanoc,T-Mob100151,4CE1290XZT,na,na,na,na,00-68-EB-CC-A9-4D,Windows 10  10.0.19045,22H2,10.0.19045,Citrix Workspace 2311,23.11.1.140,2024-03-13 14:16:33
232,11,13F,10309,mlanoc,T-Mob1000187,264JMJ3,na,na,na,na,C0-25-A5-91-45-F3,Windows 10  10.0.19045,22H2,10.0.19045,Citrix Workspace 2311,23.11.1.140,2024-03-13 14:16:33
233,11,13G,10179,mlanoc,T-Mob1001009,8CC1112GMC,na,na,na,na,6C-02-E0-9B-45-E5,Windows 10  10.0.19045,22H2,10.0.19045,Citrix Workspace 2311,23.11.1.140,2024-03-13 14:16:33
234,11,14A,10235,mlanoc,T-Mob1000217X,CF4JMJ3,na,na,na,na,C0-25-A5-8A-67-75,Windows 10  10.0.19045,22H2,10.0.19045,Citrix Workspace 2311,23.11.1.140,2024-03-13 14:16:33
235,11,14B,10870,mlanoc,T-Mob1001309,8CC0250FGH,na,na,na,na,BC-E9-2F-84-AE-1B,Windows 10  10.0.19045,22H2,10.0.19045,Citrix Workspace 2311,23.11.1.140,2024-03-13 14:16:33
236,11,14C,11138,mlanoc,T-Mob1000933,4CE1290XSF,na,na,na,na,00-68-EB-CC-4A-C4,Windows 10  10.0.19045,22H2,10.0.19045,Citrix Workspace 2311,23.11.1.140,2024-03-13 14:16:33
237,11,14D,10125,mlanoc,T-Mob1001310,8CC0250F9S,na,na,na,na,BC-E9-2F-85-D5-0C,Windows 10  10.0.19045,22H2,10.0.19045,Citrix Workspace 2311,23.11.1.140,2024-03-13 14:16:33
238,11,14E,10339,mlanoc,T-Mob1001050,8CC0250FKR,na,na,na,na,BC-E9-2F-85-D3-C2,Windows 10  10.0.19045,22H2,10.0.19045,Citrix Workspace 2311,23.11.1.140,2024-03-13 14:16:33
239,11,14F,10371,mlanoc,T-Mob1001312,8CC0250FCX,na,na,na,na,BC-E9-2F-85-D5-0E,Windows 10  10.0.19045,22H2,10.0.19045,Citrix Workspace 2311,23.11.1.140,2024-03-13 14:16:33
240,11,14G,11099,mlanoc,T-Mob100072,4CE1290XNR,na,na,na,na,00-68-EB-CC-AD-4E,Windows 10  10.0.19045,22H2,10.0.19045,Citrix Workspace 2311,23.11.1.140,2024-03-13 14:16:33
241,11,15A,10285,mlanoc,T-Mob1000156,1V4JMJ3,na,na,na,na,C0-25-A5-8A-5C-BC,Windows 10  10.0.19045,22H2,10.0.19045,Citrix Workspace 2311,23.11.1.140,2024-03-13 14:16:33
242,11,15B,10325,mlanoc,T-Mob1000239,HX4JMJ3,na,na,na,na,C0-25-A5-8A-5D-EA,Windows 10  10.0.19045,22H2,10.0.19045,Citrix Workspace 2311,23.11.1.140,2024-03-13 14:16:33
243,11,15C,10289,mlanoc,T-Mob1000232,174JMJ3,na,na,na,na,C0-25-A5-91-44-C5,Windows 10  10.0.19045,22H2,10.0.19045,Citrix Workspace 2311,23.11.1.140,2024-03-13 14:16:33
244,11,15D,10882,mlanoc,T-Mob1001311,8CC1112GP6,na,na,na,na,6C-02-E0-9B-53-93,Windows 10  10.0.19045,22H2,10.0.19045,Citrix Workspace 2311,23.11.1.140,2024-03-13 14:16:33
245,11,15E,11081,mlanoc,T-Mob100079,4CE1290XTP,na,na,na,na,00-68-EB-CC-AD-70,Windows 10  10.0.19045,22H2,10.0.19045,Citrix Workspace 2311,23.11.1.140,2024-03-13 14:16:33
246,11,15F,11948,mlanoc,T-Mob1000990,8CC9220JHS,na,na,na,na,80-E8-2C-11-A6-F4,Windows 10  10.0.19045,22H2,10.0.19045,Citrix Workspace 2311,23.11.1.140,2024-03-13 14:16:33
247,11,15G,11144,mlanoc,T-Mob100136,4CE1290XSW,na,na,na,na,00-68-EB-CC-9A-A2,Windows 10  10.0.19045,22H2,10.0.19045,Citrix Workspace 2311,23.11.1.140,2024-03-13 14:16:33
248,11,16A,10356,mlanoc,T-Mob1000756,8CC1112GPH,na,na,na,na,6C-02-E0-9B-53-D0,Windows 10  10.0.19045,22H2,10.0.19045,Citrix Workspace 2311,23.11.1.140,2024-03-13 14:16:33
249,11,16B,11490,mlanoc,T-Mob1000236,81TSNJ3,na,na,na,na,C0-25-A5-91-48-5D,Windows 10  10.0.19045,22H2,10.0.19045,Citrix Workspace 2311,23.11.1.140,2024-03-13 14:16:33
250,11,16C,10028,mlanoc,T-Mob1001248,8CC91752G8,na,na,na,na,C4-65-16-B1-48-FE,Windows 10  10.0.19045,22H2,10.0.19045,Citrix Workspace 2311,23.11.1.140,2024-03-13 14:16:33
251,11,16D,10284,mlanoc,T-Mob1000117,3Q4JMJ3,na,na,na,na,C0-25-A5-91-4D-34,Windows 10  10.0.19045,22H2,10.0.19045,Citrix Workspace 2311,23.11.1.140,2024-03-13 14:16:33
252,11,16E,10252,mlanoc,T-Mob1001314,8CC0250FLM,na,na,na,na,BC-E9-2F-85-D8-64,Windows 10  10.0.19045,22H2,10.0.19045,Citrix Workspace 2311,23.11.1.140,2024-03-13 14:16:33
253,11,16F,10176,mlanoc,T-Mob1001313,8CC0250FCJ,na,na,na,na,BC-E9-2F-85-D5-30,Windows 10  10.0.19045,22H2,10.0.19045,Citrix Workspace 2311,23.11.1.140,2024-03-13 14:16:33
254,11,16G,11813,mlanoc,T-Mob1000914,6CR4160WNC,na,na,na,na,A0-D3-C1-17-A2-56,Windows 10  10.0.19045,22H2,10.0.19045,Citrix Workspace 2311,23.11.1.140,2024-03-13 14:16:33
255,11,17A,11082,mlanoc,T-MOB100153,4CE1290Y0G,na,na,na,na,00-68-EB-CC-9B-87,Windows 10  10.0.19045,22H2,10.0.19045,Citrix Workspace 2311,23.11.1.140,2024-03-13 14:16:33
256,11,17B,10012,mlanoc,T-Mob1001181,8CC91752G9,na,na,na,na,C4-65-16-B1-4A-93,Windows 10  10.0.19045,22H2,10.0.19045,Citrix Workspace 2311,23.11.1.140,2024-03-13 14:16:33
257,11,17C,11491,mlanoc,T-Mob1000240,JH4JMJ3,na,na,na,na,C0-25-A5-8A-69-AD,Windows 10  10.0.19045,22H2,10.0.19045,Citrix Workspace 2311,23.11.1.140,2024-03-13 14:16:33
258,11,17D,11133,mlanoc,T-Mob100078X,4CE1290XSZ,na,na,na,na,00-68-EB-CC-AB-98,Windows 10  10.0.19045,22H2,10.0.19045,Citrix Workspace 2311,23.11.1.140,2024-03-13 14:16:33
259,11,17E,11196,mlanoc,T-Mob100004,4CE1290XVW,na,na,na,na,00-68-EB-CC-9D-0F,Windows 10  10.0.19045,22H2,10.0.19045,Citrix Workspace 2311,23.11.1.140,2024-03-13 14:16:34
260,11,17F,10256,mlanoc,T-Mob1001183,8CC0250FKV,na,na,na,na,BC-E9-2F-86-81-07,Windows 10  10.0.19045,22H2,10.0.19045,Citrix Workspace 2311,23.11.1.140,2024-03-13 14:16:34
261,11,17G,10294,mlanoc,T-Mob1001182,8CC9220JJ6,na,na,na,na,80-E8-2C-11-A7-5C,Windows 10  10.0.19045,22H2,10.0.19045,Citrix Workspace 2311,23.11.1.140,2024-03-13 14:16:34
262,11,18A,10025,mlanoc,T-Mob1000949,8CC91752GK,na,na,na,na,C4-65-16-B1-48-FD,Windows 10  10.0.19045,22H2,10.0.19045,Citrix Workspace 2311,23.11.1.140,2024-03-13 14:16:34
263,11,18B,10021,mlanoc,T-Mob1000447,B64JMJ3,na,na,na,na,C0-25-A5-91-45-EE,Windows 10  10.0.19045,22H2,10.0.19045,Citrix Workspace 2311,23.11.1.140,2024-03-13 14:16:34
264,11,18C,11199,mlanoc,T-Mob100138,4CE1290XNW,na,na,na,na,00-68-EB-CC-AD-2F,Windows 10  10.0.19045,22H2,10.0.19045,Citrix Workspace 2311,23.11.1.140,2024-03-13 14:16:34
265,11,18D,10029,mlanoc,T-Mob1000395,355JMJ3,na,na,na,na,C0-25-A5-8A-65-91,Windows 10  10.0.19045,22H2,10.0.19045,Citrix Workspace 2311,23.11.1.140,2024-03-13 14:16:34
266,11,18E,11995,mlanoc,T-Mob1000227,CL4JMJ3,na,na,na,na,C0-25-A5-8A-67-73,Windows 10  10.0.19045,22H2,10.0.19045,Citrix Workspace 2311,23.11.1.140,2024-03-13 14:16:34
267,11,18F,10091,mlanoc,T-Mob1000278,F35JMJ3,na,na,na,na,C0-25-A5-91-46-FB,Windows 10  10.0.19045,22H2,10.0.19045,Citrix Workspace 2311,23.11.1.140,2024-03-13 14:16:34
268,11,18G,11201,mlanoc,T-Mob100089,4CE1290Y0D,na,na,na,na,00-68-EB-CC-9B-FF,Windows 10  10.0.19045,22H2,10.0.19045,Citrix Workspace 2311,23.11.1.140,2024-03-13 14:16:34
269,11,19A,10753,mlanoc,T-Mob1000979,8CC9220JGM,na,na,na,na,80-E8-2C-11-A5-C4,Windows 10  10.0.19045,22H2,10.0.19045,Citrix Workspace 2311,23.11.1.140,2024-03-13 14:16:34
270,11,19B,11996,mlanoc,T-Mob1000175,3V4JMJ3,na,na,na,na,C0-25-A5-8A-63-BB,Windows 10  10.0.19045,22H2,10.0.19045,Citrix Workspace 2311,23.11.1.140,2024-03-13 14:16:34
271,11,19C,10138,mlanoc,T-Mob1001185,8CC9220JHR,na,na,na,na,80-E8-2C-11-A6-EF,Windows 10  10.0.19045,22H2,10.0.19045,Citrix Workspace 2311,23.11.1.140,2024-03-13 14:16:34
272,11,19D,10220,mlanoc,T-Mob1000114,21TSNJ3,na,na,na,na,C0-25-A5-91-48-31,Windows 10  10.0.19045,22H2,10.0.19045,Citrix Workspace 2311,23.11.1.140,2024-03-13 14:16:34
273,11,19E,10752,mlanoc,T-Mob1000948,8CC9220JGP,na,na,na,na,80-E8-2C-11-A3-9A,Windows 10  10.0.19045,22H2,10.0.19045,Citrix Workspace 2311,23.11.1.140,2024-03-13 14:16:34
274,11,19F,11093,mlanoc,T-Mob100056,4CE1290XZ3,na,na,na,na,00-68-EB-CC-AA-E6,Windows 10  10.0.19045,22H2,10.0.19045,Citrix Workspace 2311,23.11.1.140,2024-03-13 14:16:34
275,11,19G,11156,mlanoc,T-Mob100141,4CE1290Y16,na,na,na,na,00-68-EB-CC-B0-70,Windows 10  10.0.19045,22H2,10.0.19045,Citrix Workspace 2311,23.11.1.140,2024-03-13 14:16:34
276,11,20A,11934,mlanoc,T-Mob1001187,F0K2SF3,na,na,na,na,A4-BB-6D-80-69-11,Windows 10  10.0.19045,22H2,10.0.19045,Citrix Workspace 2311,23.11.1.140,2024-03-13 14:16:34
277,11,20B,11800,mlanoc,T-Mob1000331,544JMJ3,na,na,na,na,C0-25-A5-91-4D-12,Windows 10  10.0.19045,22H2,10.0.19045,Citrix Workspace 2311,23.11.1.140,2024-03-13 14:16:34
278,11,20C,11856,mlanoc,T-Mob1001186,8CC0250FCH,na,na,na,na,BC-E9-2F-85-D5-31,Windows 10  10.0.19045,22H2,10.0.19045,Citrix Workspace 2311,23.11.1.140,2024-03-13 14:16:34
279,11,20D,11802,mlanoc,T-Mob1000332,G44JMJ3,na,na,na,na,C0-25-A5-91-42-FC,Windows 10  10.0.19045,22H2,10.0.19045,Citrix Workspace 2311,23.11.1.140,2024-03-13 14:16:34
280,11,20E,11799,mlanoc,T-Mob1001357,9G4JMJ3,na,na,na,na,C0-25-A5-8A-67-E7,Windows 10  10.0.19045,22H2,10.0.19045,Citrix Workspace 2311,23.11.1.140,2024-03-13 14:16:34
281,11,20F,11874,mlanoc,T-Mob1000978,8CC0250FCY,na,na,na,na,BC-E9-2F-85-D5-0F,Windows 10  10.0.19045,22H2,10.0.19045,Citrix Workspace 2311,23.11.1.140,2024-03-13 14:16:34
282,11,20G,11693,mlanoc,T-Mob1000385,5L4JMJ3,na,na,na,na,C0-25-A5-8A-67-79,Windows 10  10.0.19045,22H2,10.0.19045,Citrix Workspace 2311,23.11.1.140,2024-03-13 14:16:34
283,11,21A,11182,mlanoc,T-Mob1001358,J2K2SF3,na,na,na,na,A4-BB-6D-80-6A-DE,Windows 10  10.0.19045,22H2,10.0.19045,Citrix Workspace 2311,23.11.1.140,2024-03-13 14:16:34
284,11,21B,11263,mlanoc,T-Mob1001188,C5K2SF3,na,na,na,na,A4-BB-6D-80-79-26,Windows 10  10.0.19045,22H2,10.0.19045,Citrix Workspace 2311,23.11.1.140,2024-03-13 14:16:34
285,11,21C,10156,mlanoc,T-Mob1000129,1R4JMJ3,na,na,na,na,C0-25-A5-91-48-DE,Windows 10  10.0.19045,22H2,10.0.19045,Citrix Workspace 2311,23.11.1.140,2024-03-13 14:16:34
286,11,21D,11279,mlanoc,T-Mob1001356,9DK2SF3,na,na,na,na,A4-BB-6D-80-69-DB,Windows 10  10.0.19045,22H2,10.0.19045,Citrix Workspace 2311,23.11.1.140,2024-03-13 14:16:34
287,11,21E,11205,mlanoc,T-Mob1001355,HFK2SF3,na,na,na,na,A4-BB-6D-80-7B-DC,Windows 10  10.0.19045,22H2,10.0.19045,Citrix Workspace 2311,23.11.1.140,2024-03-13 14:16:34
288,11,21F,11849,mlanoc,T-Mob1000326,D55JMJ3,na,na,na,na,C0-25-A5-8A-6D-A8,Windows 10  10.0.19045,22H2,10.0.19045,Citrix Workspace 2311,23.11.1.140,2024-03-13 14:16:34
289,11,21G,11427,mlanoc,T-Mob1000056,4CE1290XY3,na,na,na,na,00-68-EB-CC-B0-5E,Windows 10  10.0.19045,22H2,10.0.19045,Citrix Workspace 2311,23.11.1.140,2024-03-13 14:16:34
290,11,22A,11858,mlanoc,T-Mob1001246,8CC0250FGD,na,na,na,na,BC-E9-2F-84-AE-15,Windows 10  10.0.19045,22H2,10.0.19045,Citrix Workspace 2311,23.11.1.140,2024-03-13 14:16:34
291,11,22B,10241,mlanoc,T-Mob1000103,8R4JMJ3,na,na,na,na,C0-25-A5-91-46-A9,Windows 10  10.0.19045,22H2,10.0.19045,Citrix Workspace 2311,23.11.1.140,2024-03-13 14:16:34
292,11,22C,11554,mlanoc,T-Mob1000562,F84JMJ3,na,na,na,na,C0-25-A5-91-49-6E,Windows 10  10.0.19045,22H2,10.0.19045,Citrix Workspace 2311,23.11.1.140,2024-03-13 14:16:34
293,11,22D,11997,mlanoc,T-Mob1000196,FG4JMJ3,na,na,na,na,C0-25-A5-8A-67-B1,Windows 10  10.0.19045,22H2,10.0.19045,Citrix Workspace 2311,23.11.1.140,2024-03-13 14:16:34
294,11,22E,11176,mlanoc,T-Mob1001423,J1K2SF3,na,na,na,na,A4-BB-6D-80-68-23,Windows 10  10.0.19045,22H2,10.0.19045,Citrix Workspace 2311,23.11.1.140,2024-03-13 14:16:34
295,11,22F,11829,mlanoc,T-Mob1000525,GT3JMJ3,na,na,na,na,C0-25-A5-91-42-B0,Windows 10  10.0.19045,22H2,10.0.19045,Citrix Workspace 2311,23.11.1.140,2024-03-13 14:16:34
296,11,22G,11808,mlanoc,T-Mob1001354,4FK2SF3,na,na,na,na,A4-BB-6D-80-67-C3,Windows 10  10.0.19045,22H2,10.0.19045,Citrix Workspace 2311,23.11.1.140,2024-03-13 14:16:34
297,11,23A,11859,mlanoc,T-MOB1000512,6S4JMJ3,na,na,na,na,C0-25-A5-91-44-C6,Windows 10 10.0.19045,22H2,10.0.19045,Citrix Workspace 2311,23.11.1.140,2024-03-13 14:16:34
298,11,23B,11777,mlanoc,T-MOB1000510,JT3JMJ3,na,na,na,na,C0-25-A5-91-45-F1,Windows 10 10.0.19045,22H2,10.0.19045,Citrix Workspace 2311,23.11.1.140,2024-03-13 14:16:34
299,11,23C,10207,mlanoc,T-MOB1000061,8CC0250FDK,na,na,na,na,BC-E9-2F-84-AE-85,Windows 10 10.0.19045,22H2,10.0.19045,Citrix Workspace 2311,23.11.1.140,2024-03-13 14:16:34
300,11,23D,11159,mlanoc,T-MOB1000951,4CE1290XS0,na,na,na,na,00-68-EB-CC-AD-35,Windows 10 10.0.19045,22H2,10.0.19045,Citrix Workspace 2311,23.11.1.140,2024-03-13 14:16:34
301,11,23E,11721,mlanoc,T-MOB1000088,1B4JMJ3,na,na,na,na,C0-25-A5-91-45-F6,Windows 10 10.0.19045,22H2,10.0.19045,Citrix Workspace 2311,23.11.1.140,2024-03-13 14:16:34
302,11,23F,11738,mlanoc,T-MOB1000501,9W4JMJ3,na,na,na,na,C0-25-A5-8A-5C-B0,Windows 10 10.0.19045,22H2,10.0.19045,Citrix Workspace 2311,23.11.1.140,2024-03-13 14:16:35
303,11,23G,11751,mlanoc,T-Mob1000431,CT4JMJ3,na,na,na,na,C0-25-A5-91-46-9B,Windows 10 10.0.19045,22H2,10.0.19045,Citrix Workspace 2311,23.11.1.140,2024-03-13 14:16:35
304,11,24A,11841,mlanoc,T-MOB1000336,9K4JMJ3,na,na,na,na,C0-25-A5-91-4A-65,Windows 10 10.0.19045,22H2,10.0.19045,Citrix Workspace 2311,23.11.1.140,2024-03-13 14:16:35
305,11,24B,10275,mlanoc,T-MOB1001189,8CC0250FGQ,na,na,na,na,BC-E9-2F-85-D5-16,Windows 10 10.0.19045,22H2,10.0.19045,Citrix Workspace 2311,23.11.1.140,2024-03-13 14:16:35
306,11,24C,11488,mlanoc,T-MOB1000198,G84JMJ3,na,na,na,na,C0-25-A5-91-4D-00,Windows 10 10.0.19045,22H2,10.0.19045,Citrix Workspace 2311,23.11.1.140,2024-03-13 14:16:35
307,11,24D,10154,mlanoc,T-MOB1001190X,8CC0250FFY,na,na,na,na,BC-E9-2F-84-AE-2F,Windows 10 10.0.19045,22H2,10.0.19045,Citrix Workspace 2311,23.11.1.140,2024-03-13 14:16:35
308,11,24E,11284,mlanoc,T-MOB100137,4CE1290XW4,na,na,na,na,00-68-EB-CC-9C-EF,Windows 10 10.0.19045,22H2,10.0.19045,Citrix Workspace 2311,23.11.1.140,2024-03-13 14:16:35
309,11,24F,10205,mlanoc,T-Mob1001415,8CC9220JH8,na,na,na,na,80-E8-2C-11-A6-51,Windows 10 10.0.19045,22H2,10.0.19045,Citrix Workspace 2311,23.11.1.140,2024-03-13 14:16:35
310,11,24G,10336,mlanoc,T-MOB1000918,8CC0250FDC,na,na,na,na,BC-E9-2F-84-AE-A8,Windows 10 10.0.19045,22H2,10.0.19045,Citrix Workspace 2311,23.11.1.140,2024-03-13 14:16:35
311,11,25A,11973,mlanoc,T-MOB1000505,80TSNJ3,na,na,na,na,C0-25-A5-91-47-E1,Windows 10 10.0.19045,22H2,10.0.19045,Citrix Workspace 2311,23.11.1.140,2024-03-13 14:16:35
312,11,25B,11911,mlanoc,T-MOB1000616,8CC0250FGW,na,na,na,na,BC-E9-2F-85-D5-14,Windows 10 10.0.19045,22H2,10.0.19045,Citrix Workspace 2311,23.11.1.140,2024-03-13 14:16:35
313,11,25C,10146,mlanoc,T-Mob1000835,C08BZR3,na,na,na,na,00-BE-43-F6-F5-BF,Windows 10 10.0.19045,22H2,10.0.19045,Citrix Workspace 2311,23.11.1.140,2024-03-13 14:16:35
314,11,25D,11494,mlanoc,T-MOB100139,4CE1290XQ4,na,na,na,na,00-68-EB-CC-AE-F6,Windows 10 10.0.19045,22H2,10.0.19045,Citrix Workspace 2311,23.11.1.140,2024-03-13 14:16:35
315,11,25E,11290,mlanoc,T-MOB1000449,92TSNJ3,na,na,na,na,C0-25-A5-91-49-84,Windows 10 10.0.19045,22H2,10.0.19045,Citrix Workspace 2311,23.11.1.140,2024-03-13 14:16:35
316,11,25F,10269,mlanoc,T-MOB1000381,7L4JMJ3,na,na,na,na,C0-25-A5-8A-6A-46,Windows 10 10.0.19045,22H2,10.0.19045,Citrix Workspace 2311,23.11.1.140,2024-03-13 14:16:35
317,11,25G,11970,mlanoc,T-MOB1001315,4CE1290XP1,na,na,na,na,00-68-EB-CC-A9-E8,Windows 10 10.0.19045,22H2,10.0.19045,Citrix Workspace 2311,23.11.1.140,2024-03-13 14:16:35
318,11,26A,11059,mlanoc,T-MOB1000076,4M4JMJ3,na,na,na,na,C025.A58A.683B,Windows 10 10.0.19045,22H2,10.0.19045,Citrix Workspace 2311,23.11.1.140,2024-03-13 14:16:35
319,11,26B,10126,mlanoc,T-MOB1001259,8CC9220JHD,na,na,na,na,80E8.2C11.A38B,Windows 10 10.0.19045,22H2,10.0.19045,Citrix Workspace 2311,23.11.1.140,2024-03-13 14:16:35
320,11,26C,10742,mlanoc,T-MOB1000393,DN4JMJ3,na,na,na,na,C025.A591.4850,Windows 10 10.0.19045,22H2,10.0.19045,Citrix Workspace 2311,23.11.1.140,2024-03-13 14:16:35
321,11,26D,10383,mlanoc,T-MOB1001173,8CC91752GW,na,na,na,na,C465.16B1.4A96,Windows 10 10.0.19045,22H2,10.0.19045,Citrix Workspace 2311,23.11.1.140,2024-03-13 14:16:35
322,11,26E,10304,mlanoc,T-MOB1001260,244JMJ3,na,na,na,na,C025.A591.49BB,Windows 10 10.0.19045,22H2,10.0.19045,Citrix Workspace 2311,23.11.1.140,2024-03-13 14:16:35
323,11,26F,na,mlanoc,na,na,na,na,na,na,na,na,22H2,10.0.19045,Citrix Workspace 2311,na,2024-03-13 14:16:35
324,11,26G,11029,mlanoc,T-MOB1000568,9Z4JMJ3,na,na,na,na,C025.A58A.5DF9,Windows 10 10.0.19045,22H2,10.0.19045,Citrix Workspace 2311,23.11.1.140,2024-03-13 14:16:35
325,11,27A,11092,mlanoc,T-MOB1000045,4CE1290Y02,na,na,na,na,0068.EBCC.ADC9,Windows 10 10.0.19045,22H2,10.0.19045,Citrix Workspace 2311,23.11.1.140,2024-03-13 14:16:35
326,11,27B,11454,mlanoc,T-MOB1000425,394JMJ3,na,na,na,na,C025.A591.41C4,Windows 10 10.0.19045,22H2,10.0.19045,Citrix Workspace 2311,23.11.1.140,2024-03-13 14:16:35
327,11,27C,11101,mlanoc,T-MOB1000433,CK4JMJ3,na,na,na,na,C025.A591.4D0F,Windows 10 10.0.19045,22H2,10.0.19045,Citrix Workspace 2311,23.11.1.140,2024-03-13 14:16:35
328,11,27D,10756,mlanoc,T-MOB1001172,8CC0250FHX,na,na,na,na,BCE9.2F85.D55D,Windows 10 10.0.19045,22H2,10.0.19045,Citrix Workspace 2311,23.11.1.140,2024-03-13 14:16:35
329,11,27E,10251,mlanoc,T-MOB1000457,HC4JMJ3,na,na,na,na,C025.A591.46DA,Windows 10 10.0.19045,22H2,10.0.19045,Citrix Workspace 2311,23.11.1.140,2024-03-13 14:16:35
330,11,27F,11890,mlanoc,T-MOB1000556,H85JMJ3,na,na,na,na,C025.A588.FA73,Windows 10 10.0.19045,22H2,10.0.19045,Citrix Workspace 2311,23.11.1.140,2024-03-13 14:16:35
331,11,27G,10160,mlanoc,T-MOB1000034,4CE1290Y1R,na,na,na,na,0068.EBCC.A96B,Windows 10 10.0.19045,22H2,10.0.19045,Citrix Workspace 2311,23.11.1.140,2024-03-13 14:16:35
332,11,28A,10080,mlanoc,T-MOB1000373,DL4JMJ3,na,na,na,na,C025.A58A.66D2,Windows 10 10.0.19045,22H2,10.0.19045,Citrix Workspace 2311,23.11.1.140,2024-03-13 14:16:35
333,11,28B,11869,mlanoc,T-MOB1001299,8CC046064R,na,na,na,na,F80D.AC2B.48EC,Windows 10 10.0.19045,22H2,10.0.19045,Citrix Workspace 2311,23.11.1.140,2024-03-13 14:16:35
334,11,28C,11443,mlanoc,T-MOB1000046,4CE1290XRM,na,na,na,na,0068.EBCC.A9A7,Windows 10 10.0.19045,22H2,10.0.19045,Citrix Workspace 2311,23.11.1.140,2024-03-13 14:16:35
335,11,28D,11759,mlanoc,T-MOB1000132,345JMJ3,na,na,na,na,C025.A591.472B,Windows 10 10.0.19045,22H2,10.0.19045,Citrix Workspace 2311,23.11.1.140,2024-03-13 14:16:35
336,11,28E,11985,mlanoc,T-MOB1000496,7N4JMJ3,na,na,na,na,C025.A591.47A5,Windows 10 10.0.19045,22H2,10.0.19045,Citrix Workspace 2311,23.11.1.140,2024-03-13 14:16:35
337,11,28F,11062,mlanoc,T-MOB1000450,5H4JMJ3,na,na,na,na,C025.A58A.6562,Windows 10 10.0.19045,22H2,10.0.19045,Citrix Workspace 2311,23.11.1.140,2024-03-13 14:16:35
338,11,28G,10113,mlanoc,T-MOB1000566,FT3JMJ3,na,na,na,na,C025.A591.4881,Windows 10 10.0.19045,22H2,10.0.19045,Citrix Workspace 2311,23.11.1.140,2024-03-13 14:16:35
339,11,29A,11945,mlanoc,T-MOB1000045,8CC0250FDV,na,na,na,na,BCE9.2F86.716E,Windows 10 10.0.19045,22H2,10.0.19045,Citrix Workspace 2311,23.11.1.140,2024-03-13 14:16:35
340,11,29B,10346,mlanoc,T-MOB1000425,4CE1290XZX,na,na,na,na,0068.EBCC.AB86,Windows 10 10.0.19045,22H2,10.0.19045,Citrix Workspace 2311,23.11.1.140,2024-03-13 14:16:35
341,11,29C,10298,mlanoc,T-MOB1000433,8CC91752F8,na,na,na,na,C465.16B1.4A99,Windows 10 10.0.19045,22H2,10.0.19045,Citrix Workspace 2311,23.11.1.140,2024-03-13 14:16:35
342,11,29D,11943,mlanoc,T-MOB1000490,B54JMJ3,na,na,na,na,C025.A591.4787,Windows 10 10.0.19045,22H2,10.0.19045,Citrix Workspace 2311,23.11.1.140,2024-03-13 14:16:35
343,11,29E,10189,mlanoc,T-MOB1000533,245JMJ3,na,na,na,na,C025.A591.46A6,Windows 10 10.0.19045,22H2,10.0.19045,Citrix Workspace 2311,23.11.1.140,2024-03-13 14:16:35
344,11,29F,10839,mlanoc,T-MOB1000529,5R4JMJ3,na,na,na,na,C025.A591.42FF,Windows 10 10.0.19045,22H2,10.0.19045,Citrix Workspace 2311,23.11.1.140,2024-03-13 14:16:35
345,11,29G,10259,mlanoc,T-MOB1000365,8X4JMJ3,na,na,na,na,C025.A58A.6D67,Windows 10 10.0.19045,22H2,10.0.19045,Citrix Workspace 2311,23.11.1.140,2024-03-13 14:16:35
346,11,30A,11092,mlanoc,T-MOB1000208,955JMJ3,na,na,na,na,C0-25-A5-8A-64-07,Windows 10  10.0.19045,22H2,10.0.19045,Citrix Workspace 2311,23.11.1.140,2024-03-13 14:16:35
347,11,30B,11454,mlanoc,T-MOB1000020,4CE1290XY9,na,na,na,na,00-68-EB-CC-A4-0F,Windows 10  10.0.19045,22H2,10.0.19045,Citrix Workspace 2311,23.11.1.140,2024-03-13 14:16:35
348,11,30C,11101,mlanoc,T-Mob100134,4CE1290XPF,na,na,na,na,00-68-EB-CC-AD-7B,Windows 10  10.0.19045,22H2,10.0.19045,Citrix Workspace 2311,23.11.1.140,2024-03-13 14:16:35
349,11,30D,11460,mlanoc,T-Mob1000057,4CE1290XY4,na,na,na,na,00-68-EB-CC-AE-5C,Windows 10  10.0.19045,22H2,10.0.19045,Citrix Workspace 2311,23.11.1.140,2024-03-13 14:16:35
350,11,30E,	11462,mlanoc,T-Mob1000030,4CE1290XXF,na,na,na,na,00-68-EB-CC-9C-51,Windows 10  10.0.19045,22H2,10.0.19045,Citrix Workspace 2311,23.11.1.140,2024-03-13 14:16:36
351,11,30F,10112,mlanoc,T-MOB1001208,8CC1112GM1,na,na,na,na,6C02.E09B.508B,Windows 10  10.0.19045,22H2,10.0.19045,Citrix Workspace 2311,23.11.1.140,2024-03-13 14:16:36
352,11,30G,11067,mlanoc,T-Mob1000021,4CE1290XZF,na,na,na,na,00-68-EB-CC-AE-86,Windows 10  10.0.19045,22H2,10.0.19045,Citrix Workspace 2311,23.11.1.140,2024-03-13 14:16:36
353,11,31A,11972,mlanoc,T-MOB1000216X,894JMJ3,na,na,na,na,C0-25-A5-91-4D-45,Windows 10  10.0.19045,22H2,10.0.19045,Citrix Workspace 2311,23.11.1.140,2024-03-13 14:16:36
354,11,31B,10123,mlanoc,T-Mob1000974x,8CC1112GRV,na,na,na,na,6C-02-E0-9B-45-F6,Windows 10  10.0.19045,22H2,10.0.19045,Citrix Workspace 2311,23.11.1.140,2024-03-13 14:16:36
355,11,31C,11714,mlanoc,T-MOB1000081,6G4JMJ3,na,na,na,na,C0-25-A5-8A-67-B8,Windows 10  10.0.19045,22H2,10.0.19045,Citrix Workspace 2311,23.11.1.140,2024-03-13 14:16:36
356,11,31D,10886,mlanoc,T-MOB1000973X,8CC1112GNP,na,na,na,na,6C-02-E0-9B-52-CA,Windows 10  10.0.19045,22H2,10.0.19045,Citrix Workspace 2311,23.11.1.140,2024-03-13 14:16:36
357,11,31E,11045,mlanoc,T-MOB100135,4CE1290XRP,na,na,na,na,00-68-EB-CC-A9-B5,Windows 10  10.0.19045,22H2,10.0.19045,Citrix Workspace 2311,23.11.1.140,2024-03-13 14:16:36
358,11,31F,10340,mlanoc,T-MOB1000975,8CC1112GQN,na,na,na,na,6C-02-E0-9B-45-91,Windows 10  10.0.19045,22H2,10.0.19045,Citrix Workspace 2311,23.11.1.140,2024-03-13 14:16:36
359,11,31G,11225,mlanoc,T-MOB100084,4CE1290XYK,na,na,na,na,00-68-EB-CC-AA-75,Windows 10  10.0.19045,22H2,10.0.19045,Citrix Workspace 2311,23.11.1.140,2024-03-13 14:16:36
360,11,32A,10019,mlanoc,T-Mob1001004,8CC91752H0,na,na,na,na,C4-65-16-B1-4A-95,Windows 10  10.0.19045,22H2,10.0.19045,Citrix Workspace 2311,23.11.1.140,2024-03-13 14:16:36
361,11,32B,10169,mlanoc,T-MOB1001148,8CC0250FJ9,na,na,na,na,BC-E9-2F-85-D5-CD,Windows 10  10.0.19045,22H2,10.0.19045,Citrix Workspace 2311,23.11.1.140,2024-03-13 14:16:36
362,11,32C,10192,mlanoc,T-Mob1000215,8K4JMJ3,na,na,na,na,C0-25-A5-91-4C-67,Windows 10  10.0.19045,22H2,10.0.19045,Citrix Workspace 2311,23.11.1.140,2024-03-13 14:16:36
363,11,32D,10192,mlanoc,T-MOB1001223,8CC91752FW,na,na,na,na,C4-65-16-B1-4B-61,Windows 10  10.0.19045,22H2,10.0.19045,Citrix Workspace 2311,23.11.1.140,2024-03-13 14:16:36
364,11,32E,10032,mlanoc,T-Mob100150,4CE1290XP6,na,na,na,na,00-68-EB-CC-AE-D5,Windows 10  10.0.19045,22H2,10.0.19045,Citrix Workspace 2311,23.11.1.140,2024-03-13 14:16:36
365,11,32F,11091,mlanoc,T-Mob1001146,8CC91752HD,na,na,na,na,C4-65-16-B1-48-07,Windows 10  10.0.19045,22H2,10.0.19045,Citrix Workspace 2311,23.11.1.140,2024-03-13 14:16:36
366,11,32G,10010,mlanoc,T-Mob100142,4CE1290XXG,na,na,na,na,00-68-EB-CC-98-05,Windows 10  10.0.19045,22H2,10.0.19045,Citrix Workspace 2311,23.11.1.140,2024-03-13 14:16:36
367,11,33A,11585,mlanoc,T-Mob1000115,HB4JMJ3,na,na,na,na,C0-25-A5-91-49-50,Windows 10  10.0.19045,22H2,10.0.19045,Citrix Workspace 2311,23.11.1.140,2024-03-13 14:16:36
368,11,33B,11160,mlanoc,SPR300091,6CR4160W15,na,na,na,na,A0-D3-C1-1D-8A-13,Windows 10  10.0.19045,22H2,10.0.19045,Citrix Workspace 2311,23.11.1.140,2024-03-13 14:16:36
369,11,33C,11087,mlanoc,T-Mob1001322,4CE1290XWY,na,na,na,na,00-68-EB-CC-9D-DE,Windows 10  10.0.19045,22H2,10.0.19045,Citrix Workspace 2311,23.11.1.140,2024-03-13 14:16:36
370,11,33D,10883,mlanoc,T-Mob1001139,8CC1112GQ9,na,na,na,na,6C-02-E0-9B-45-A1,Windows 10  10.0.19045,22H2,10.0.19045,Citrix Workspace 2311,23.11.1.140,2024-03-13 14:16:36
371,11,33E,11118,mlanoc,T-Mob100146,4CE1290XP0,na,na,na,na,00-68-EB-CC-96-E2,Windows 10  10.0.19045,22H2,10.0.19045,Citrix Workspace 2311,23.11.1.140,2024-03-13 14:16:36
372,11,33F,11089,mlanoc,T-Mob100091,4CE1290Y1B,na,na,na,na,00-68-EB-CC-B0-D7,Windows 10  10.0.19045,22H2,10.0.19045,Citrix Workspace 2311,23.11.1.140,2024-03-13 14:16:36
373,11,33G,10246,mlanoc,T-Mob1001147,8CC0250FJP,na,na,na,na,BC-E9-2F-85-D1-63,Windows 10  10.0.19045,22H2,10.0.19045,Citrix Workspace 2311,23.11.1.140,2024-03-13 14:16:36
374,11,34A,10279,mlanoc,T-Mob1001324,8CC0250FC3,na,na,na,na,BC-E9-2F-84-AD-F2,Windows 10  10.0.19045,22H2,10.0.19045,Citrix Workspace 2311,23.11.1.140,2024-03-13 14:16:36
375,11,34B,11736,mlanoc,T-Mob1000093,6F4JMJ3,na,na,na,na,C0-25-A5-88-FA-92,Windows 10  10.0.19045,22H2,10.0.19045,Citrix Workspace 2311,23.11.1.140,2024-03-13 14:16:36
376,11,34C,10093,mlanoc,T-Mob1001002,8CC0250FK1,na,na,na,na,BC-E9-2F-85-D3-B5,Windows 10  10.0.19045,22H2,10.0.19045,Citrix Workspace 2311,23.11.1.140,2024-03-13 14:16:36
377,11,34D,11119,mlanoc,T-Mob100071,4CE1290XQK,na,na,na,na,00-68-EB-CC-AF-22,Windows 10  10.0.19045,22H2,10.0.19045,Citrix Workspace 2311,23.11.1.140,2024-03-13 14:16:36
378,11,34E,10266,mlanoc,T-Mob1000186,51TSNJ3,na,na,na,na,C0-25-A5-91-44-26,Windows 10  10.0.19045,22H2,10.0.19045,Citrix Workspace 2311,23.11.1.140,2024-03-13 14:16:36
379,11,34F,na,mlanoc,T-Mob1000934,8CC91752GH,na,na,na,na,C4-65-16-B1-4A-88,Windows 10  10.0.19045,22H2,10.0.19045,Citrix Workspace 2311,23.11.1.140,2024-03-13 14:16:36
380,11,34G,11037,mlanoc,T-Mob100102,4CE1290XSR,na,na,na,na,00-68-EB-CC-B1-26,Windows 10  10.0.19045,22H2,10.0.19045,Citrix Workspace 2311,23.11.1.140,2024-03-13 14:16:36
381,11,35A,10363,mlanoc,T-Mob1000997,8CC9220JHM,na,na,na,na,80-E8-2C-11-A3-89,Windows 10  10.0.19045,22H2,10.0.19045,Citrix Workspace 2311,23.11.1.140,2024-03-13 14:16:36
382,11,35B,11283,mlanoc,T-Mob1000936,4CE1290XS8,na,na,na,na,00-68-EB-CC-AA-16,Windows 10  10.0.19045,22H2,10.0.19045,Citrix Workspace 2311,23.11.1.140,2024-03-13 14:16:36
383,11,35C,11203,mlanoc,T-Mob1001008,8CC91752GG,na,na,na,na,C4-65-16-B1-4A-89,Windows 10  10.0.19045,22H2,10.0.19045,Citrix Workspace 2311,23.11.1.140,2024-03-13 14:16:36
384,11,35D,10373,mlanoc,T-Mob1000163,845JMJ3,na,na,na,na,C0-25-A5-8A-64-19,Windows 10  10.0.19045,22H2,10.0.19045,Citrix Workspace 2311,23.11.1.140,2024-03-13 14:16:36
385,11,35E,10328,mlanoc,T-Mob1001168,8CC0250FJZ,na,na,na,na,BC-E9-2F-85-D3-B7,Windows 10  10.0.19045,22H2,10.0.19045,Citrix Workspace 2311,23.11.1.140,2024-03-13 14:16:36
386,11,35F,11643,mlanoc,T-Mob1000376,90TSNJ3,na,na,na,na,C0-25-A5-91-47-A4,Windows 10  10.0.19045,22H2,10.0.19045,Citrix Workspace 2311,23.11.1.140,2024-03-13 14:16:36
387,11,35G,10181,mlanoc,T-Mob1000998x,8CC0250F9N,na,na,na,na,BC-E9-2F-84-AC-AB,Windows 10  10.0.19045,22H2,10.0.19045,Citrix Workspace 2311,23.11.1.140,2024-03-13 14:16:36
388,11,36A,11291,mlanoc,T-MOB1000947,4CE1290XS5,na,na,na,na,0068.EBCC.AB80,Windows 10  10.0.19045,22H2,10.0.19045,Citrix Workspace 2311,23.11.1.140,2024-03-13 14:16:36
389,11,36B,10187,mlanoc,T-MOB1000761,8CC9325F55,na,na,na,na,F8B4.6AAC.90DD,Windows 10  10.0.19045,22H2,10.0.19045,Citrix Workspace 2311,23.11.1.140,2024-03-13 14:16:36
390,11,36C,11035,mlanoc,T-MOB1001369,4CE1290XWJ,na,na,na,na,0068.EBCC.9A6D,Windows 10  10.0.19045,22H2,10.0.19045,Citrix Workspace 2311,23.11.1.140,2024-03-13 14:16:36
391,11,36D,10002,mlanoc,T-MOB1000062,8CC046065Z,na,na,na,na,F80D.AC1C.F080,Windows 10  10.0.19045,22H2,10.0.19045,Citrix Workspace 2311,23.11.1.140,2024-03-13 14:16:36
392,11,36E,11113,mlanoc,T-MOB100069,4CE1290Y1Q,na,na,na,na,00-68-EB-CC-9A6D,Windows 10  10.0.19045,22H2,10.0.19045,Citrix Workspace 2311,23.11.1.140,2024-03-13 14:16:36
393,11,36F,10103,mlanoc,T-MOB1000165,1H4JMJ3,na,na,na,na,C025.A58A.67CF,Windows 10  10.0.19045,22H2,10.0.19045,Citrix Workspace 2311,23.11.1.140,2024-03-13 14:16:36
394,11,36G,10767,mlanoc,T-MOB1001012,8CC0250FK4,na,na,na,na,BCE9.2F85.D164,Windows 10  10.0.19045,22H2,10.0.19045,Citrix Workspace 2311,23.11.1.140,2024-03-13 14:16:36
